-- phpMyAdmin SQL Dump
-- version 3.5.1
-- http://www.phpmyadmin.net
--
-- Хост: 127.0.0.1
-- Время создания: Мар 25 2016 г., 15:28
-- Версия сервера: 5.5.25
-- Версия PHP: 5.3.13

SET SQL_MODE="NO_AUTO_VALUE_ON_ZERO";
SET time_zone = "+00:00";


/*!40101 SET @OLD_CHARACTER_SET_CLIENT=@@CHARACTER_SET_CLIENT */;
/*!40101 SET @OLD_CHARACTER_SET_RESULTS=@@CHARACTER_SET_RESULTS */;
/*!40101 SET @OLD_COLLATION_CONNECTION=@@COLLATION_CONNECTION */;
/*!40101 SET NAMES utf8 */;

--
-- База данных: `staff`
--

-- --------------------------------------------------------

--
-- Структура таблицы `ac_staff`
--

CREATE TABLE IF NOT EXISTS `ac_staff` (
  `staff_id` int(10) NOT NULL AUTO_INCREMENT,
  `f_name` varchar(20) NOT NULL,
  `s_name` varchar(20) NOT NULL,
  `l_name` varchar(20) NOT NULL,
  `photo` varchar(40) DEFAULT NULL,
  `posada_id` tinyint(3) DEFAULT NULL,
  `staff_deg_id` tinyint(3) DEFAULT NULL,
  `staff_tdeg_id` tinyint(3) DEFAULT NULL,
  `login` varchar(50) DEFAULT NULL,
  `password` varchar(32) DEFAULT NULL,
  `salt` char(3) DEFAULT NULL,
  `email` varchar(40) DEFAULT NULL,
  `id_role` tinyint(4) NOT NULL DEFAULT '1',
  PRIMARY KEY (`staff_id`),
  KEY `FK_ac_staff_degree_degree_id` (`staff_deg_id`),
  KEY `FK_ac_staff_teach_deg_t_deg_id` (`staff_tdeg_id`),
  KEY `FK_ac_staff_posada_posada_id` (`posada_id`)
) ENGINE=InnoDB  DEFAULT CHARSET=utf8 AUTO_INCREMENT=606 ;

--
-- Дамп данных таблицы `ac_staff`
--

INSERT INTO `ac_staff` (`staff_id`, `f_name`, `s_name`, `l_name`, `photo`, `posada_id`, `staff_deg_id`, `staff_tdeg_id`, `login`, `password`, `salt`, `email`, `id_role`) VALUES
(1, 'Ніколаєнко', 'Юрій', 'Володимирович', NULL, 4, 16, NULL, 'Ніколаєнко', 'f2f77f43fcf9696a734d390d7e6e68af', '2v6', NULL, 1),
(2, 'Демченко', 'Максим', 'Юрійович', NULL, 4, 16, NULL, 'Демченко', '2841e7ec7ef4feb3a3bf61e558112e03', 'd76', NULL, 1),
(3, 'Лавров', 'Руслан', 'Валерійович', NULL, 4, 16, NULL, 'Лавров', '17d9f807d0263cd433a13ee98569e510', 'isj', NULL, 1),
(4, 'Ремньова', 'Людмила', 'Михайлівна', NULL, 5, 16, NULL, 'Ремньова', '66e2a56f7ad6ea450e40a28858242f43', 's1f', NULL, 1),
(6, 'Суржик', 'Вячеслав', 'Генадійович', NULL, 4, 16, NULL, 'Суржик', '1b5f951332a5055eee1de74ec9c0360f', 'k9y', NULL, 1),
(7, 'Абакуменко', 'Ольга', 'Вікторівна', NULL, 5, 16, NULL, 'Абакуменко', '77f82ef6a3fea650bd933404452f94dd', '7h7', NULL, 1),
(8, 'Коваленко', 'Лариса', 'Олексіївна', NULL, 5, 16, NULL, 'Коваленко', '947e5d9c3b57cc806a4db0e2daac1369', '_ff', NULL, 1),
(9, 'Виговська', 'Валентина', 'Вікторівна', NULL, 4, 16, NULL, 'Виговська', 'b156b3aeb1d3d177fc376fd63cf1de5d', 'o8h', NULL, 1),
(10, 'Гонта', 'Олена', 'Іванівна', NULL, 5, 16, NULL, 'Гонта', 'eaee874982cdf4b8c2e01e05db97a977', 'tc3', NULL, 1),
(11, 'Зеленський', 'Сергій', 'Миколайович', NULL, 4, 16, NULL, 'Зеленський', 'd9cd0602e4b1aa670a9b1db86e6a681f', 'uuo', NULL, 1),
(12, 'Литовченко', 'Микола', 'Володимирович', NULL, 4, 16, NULL, 'Литовченко', 'f2d66b0e5c4671a8502d0e727b8effb1', 'v,7', NULL, 1),
(13, 'Лук''яшко', 'Павло', 'Олександрович', NULL, 4, 16, NULL, 'Лук''яшко', '3bb4f55bc0d4da6087c2ddad68f428a8', 'e=*', NULL, 1),
(14, 'Маргасова', 'Вікторія', 'Геннадіївна', NULL, 5, 16, NULL, 'Маргасова', '896b65908e553649df526176d7e73b26', 'fwj', NULL, 1),
(15, 'Марченко', 'Наталія', 'Андріївна', NULL, 4, 16, NULL, 'Марченко', '137cd2ee11c90dfb0a5e92bef8b80529', '4zz', NULL, 1),
(16, 'Міхєєнко', 'Тетяна', 'Василівна', NULL, 4, 16, NULL, 'Міхєєнко', 'ba783fb0a06f2a9e5701608a2c776a8f', 'hxs', NULL, 1),
(17, 'Роговий', 'Андрій', 'Віталійович', NULL, 4, 16, NULL, 'Роговий', '285acd0af7969259e5b2ea6c471681e2', '_iq', NULL, 1),
(18, 'Товстиженко', 'Олена', 'Вячеславівна', NULL, 4, 16, NULL, 'Товстиженко', '909effa0a06c0fd29724bc2b9cad08b6', '6bl', NULL, 1),
(19, 'Карпенко', 'Юрій', 'Михайлович', NULL, 4, 16, NULL, 'Карпенко1', 'ad1ed2d6bbd9f85d1581bf0811b62355', 'd2u', NULL, 1),
(20, 'Давиденко', 'Ольга', 'Леонідівна', NULL, 3, 16, NULL, 'Давиденко', '20fa68e9cc5b307567fd32f70c0fb463', '93z', NULL, 1),
(21, 'Дудко', 'Володимир', 'Борисович', NULL, 4, 16, NULL, 'Дудко', '6b143b4ad20d1da33f8e7d0dabd2b89b', '5v+', NULL, 1),
(22, 'Пшенична', 'Тетяна', 'Миколаївна', NULL, 3, 16, NULL, 'Пшенична', '441bb52120d64652640d9c8f7493ff07', '0x4', NULL, 1),
(23, 'Рябов', 'Ігор', 'Будимирович', NULL, 3, 16, NULL, 'Рябов', '9346bd1d25e780ffe9acd8f04d04fcf9', '4ym', NULL, 1),
(24, 'Рябова', 'Тетяна', 'Анатоліївна', NULL, 4, 16, NULL, 'Рябова', '532d718f65821bc99658c41bd4f8b6b7', 'kbb', NULL, 1),
(25, 'Кирилюк', 'Юрій', 'Володимирович', NULL, 4, 16, NULL, 'Кирилюк', '1745614a1c96c169be2cb824a1c29327', 'px9', NULL, 1),
(26, 'Велігорський', 'Анатолій', 'Миколайович', NULL, 4, 16, NULL, 'Велігорський1', 'b2f69755e216a9ad0190b2e2a66e2349', '2ux', NULL, 1),
(27, 'Мекшун', 'Людмила', 'Миколаївна', NULL, 4, 16, NULL, 'Мекшун1', 'c31d8ed7e2d1fa1a78c60ac15a2eed67', 'bj6', NULL, 1),
(29, 'Полковниченко', 'Світлана', 'Олександрівна', NULL, 4, 16, NULL, 'Полковниченко', 'a591ae89a5cc55b6b04588fd4db7d888', 'ls,', NULL, 1),
(30, 'Пономаренко', 'Сергій', 'Іванович', NULL, 4, 16, NULL, 'Пономаренко', 'ed56d12fa699571bab2acc0b37fa1988', '0,2', NULL, 1),
(31, 'Савченко', 'Володимир', 'Федорович', NULL, 5, 16, NULL, 'Савченко', '7a8664ab94215f4bc25310941324a619', '-ol', NULL, 1),
(32, 'Холявко', 'Наталія', 'Іванівна', NULL, 4, 16, NULL, 'Холявко', '26756d2b6bddf1e1b97369b2d83e4c5d', 'lso', NULL, 1),
(35, 'Ільчук', 'Валерій', 'Петрович', NULL, 5, 16, NULL, 'Ільчук', '01310e9330360e860b15f1db0bc4b5ec', 'e0-', NULL, 1),
(36, 'Базілінська', 'Олена', 'Яківна', NULL, 5, 16, NULL, 'Базілінська', '2fa17adb576a2af139b0e757f009d317', 'n1p', NULL, 1),
(37, 'Вдовенко', 'Юрій', 'Станіславович', NULL, 4, 16, NULL, 'Вдовенко1', 'fb24c3566b5ca64eeb564fbcef43afaa', 'nma', NULL, 1),
(38, 'Гавриленко', 'Неля', 'Іванівна', NULL, 4, 16, NULL, 'Гавриленко', 'e8f156d548e425cfdd78176e9ba1d46b', 'h_j', NULL, 1),
(39, 'Дубина', 'Максим', 'Вікторович', NULL, 4, 16, NULL, 'Дубина', '5064dc18c819bc45e76068deacdb11f9', 'kir', NULL, 1),
(41, 'Жарій', 'Ядвіга', 'Вікентіївна', NULL, 4, 16, NULL, 'Жарій', 'bf29f28edc7329f4f54647b783fbe1c8', '3h8', NULL, 1),
(42, 'Зеленська', 'Олена', 'Олександрівна', NULL, 5, 16, NULL, 'Зеленська', 'c27916c371b7bf8db3c8d1b910d61d7c', 'f=1', NULL, 1),
(43, 'Кальченко', 'Ольга', 'Миколаївна', NULL, 4, 16, NULL, 'Кальченко2', '1b6f4c149a7ed9ed568d3f2192f015ce', 'nt_', NULL, 1),
(45, 'Кравчук', 'Ганна', 'Вікторівна', NULL, 5, 16, NULL, 'Кравчук', '9b060a9430f98efd27ea2e034ee1484d', 'nns', NULL, 1),
(46, 'Лисенко', 'Ірина', 'Володимирівна', NULL, 1, 16, NULL, 'Лисенко', 'fec23460a5f4bf8742a036241a3b8ddf', 'dpj', NULL, 1),
(47, 'Мельник', 'Павло', 'Іванович', NULL, 4, 16, NULL, 'Мельник', '5ae3a6fea1d6624ee0493bdf5c2b3717', '0uk', NULL, 1),
(48, 'Панченко', 'Олена', 'Іванівна', NULL, 4, 16, NULL, 'Панченко', '7928d5bb353307fe532a1a5218f146d2', 'luh', NULL, 1),
(49, 'Парубець', 'Олена', 'Миколаївна', NULL, 4, 16, NULL, 'Парубець', '612a550cf5911183e331baa688e5cc1e', 'v32', NULL, 1),
(50, 'Тарасенко', 'Олена', 'Олександрівна', NULL, 1, 16, NULL, 'Прокопенко', 'c1316b24e4adf7f303af51550c8c298b', 't4t', NULL, 1),
(51, 'Рогова', 'Олена', 'Володимирівна', NULL, 4, 16, NULL, 'Рогова', '7a87470a704d16aeade02b3cb2621689', '_46', NULL, 1),
(52, 'Садчикова', 'Ірина', 'Володимирівна', NULL, 4, 16, NULL, 'Сидоренко2', '7c901f893dbed88d49c6a67019315d5f', 'l-.', NULL, 1),
(53, 'Сич', 'Євген', 'Миколайович', NULL, 5, 16, NULL, 'Сич', '9132e2650e45de2e89fca1c6e56ebbac', '6_y', NULL, 1),
(54, 'Тарасенко', 'Артем', 'Валерійович', NULL, 1, 16, NULL, 'Тарасенко', '3cc8fce9457cb2778d16de59cc43ae6b', 'it2', NULL, 1),
(55, 'Шишкіна', 'Олена', 'Вікторівна', NULL, 4, 16, NULL, 'Шишкіна', '18f9bc0539f67aa9c5966b00b1ba6e52', 'c2u', NULL, 1),
(56, 'Лень', 'Василь', 'Степанович', NULL, 5, 16, NULL, 'Лень', '8c1c2ffca91f0896bd1e4f2f4caa4bca', '4,7', NULL, 1),
(57, 'Акименко', 'Олена', 'Юріївна', NULL, 4, 16, NULL, 'Акименко1', '405dd00a2e11ff4ff4e7d81e7b2ef80a', 'zxn', NULL, 1),
(58, 'Волот', 'Олена', 'Ігорівна', NULL, 4, 16, NULL, 'Волот', '906f8c8c63269f38cfd86d48b7975e93', '+5z', NULL, 1),
(59, 'Гнедіна', 'Катерина', 'Володимирівна', NULL, 1, 16, NULL, 'Гнедіна', '58df791c52c2f7ec971d15f4f820558e', '*g*', NULL, 1),
(60, 'Гоголь', 'Тетяна', 'Анатоліївна', NULL, 4, 16, NULL, 'Гоголь', '9e13fa98b1a2395639a10ac566c0c1bf', '.dn', NULL, 1),
(61, 'Зоценко', 'Діана', 'Віталіївна', NULL, 1, 16, NULL, 'Зоценко', 'a1aa42e7fc587004ab1d50512042bf86', '3c6', NULL, 1),
(62, 'Іванова', 'Людмила', 'Борисівна', NULL, 4, 16, NULL, 'Іванова', 'eeb5d1fc94cb160aa017f9dbbc7579ac', 'i3-', NULL, 1),
(63, 'Нехай', 'Валентин', 'Анатолійович', NULL, 4, 16, NULL, 'Нехай', '7035c066e161710ea9ef2094e6cd50dc', 'xrz', NULL, 1),
(64, 'Ніпорко', 'Наталія', 'Іванівна', NULL, 3, 16, NULL, 'Ніпорко', '7db5cc97544d345b5a8253b3245a5efe', '4b,', NULL, 1),
(65, 'Онищенко', 'Віктор', 'Петрович', NULL, 4, 16, NULL, 'Онищенко', 'fe50bbd464fdc9bccd4fcb4ec7e1fefd', '1x5', NULL, 1),
(66, 'Петраков', 'Ярослав', 'Валерійович', NULL, 4, 16, NULL, 'Петраков', '276f9a1f9f730e8864d55ba27327e632', ',0_', NULL, 1),
(67, 'Пліско', 'Ірина', 'Миколаївна', NULL, 4, 16, NULL, 'Пліско', 'a0800d7cfb23dbbd333209a6a2247061', '14s', NULL, 1),
(68, 'Рядська', 'Валентина', 'Володимирівна', NULL, 4, 16, NULL, 'Рядська', '03ec00d859068d36d1a2f863686add0d', 'i9y', NULL, 1),
(69, 'Сидоренко', 'Олександр', 'Олексійович', NULL, 4, 16, NULL, 'Сидоренко', '5d751623a1ebfab42e78c19071a175ed', 'x,e', NULL, 1),
(70, 'Сизоненко', 'Олена', 'Володимирівна', NULL, 4, 16, NULL, 'Сизоненко', 'faa6d6bc0264e1d7c20161d577dd4eb4', 'f1x', NULL, 1),
(71, 'Скосир', 'Юрій', 'Миколайович', NULL, 4, 16, NULL, 'Скосир1', '97af8df4cae6292dc1f9cfb7b4eac51e', 'dqg', NULL, 1),
(72, 'Ющенко', 'Надія', 'Леонідівна', NULL, 4, 16, NULL, 'Ющенко', '84034d197b77a11b120b55cfa45ddc50', 'lzr', NULL, 1),
(73, 'Дерій', 'Жанна', 'Володимирівна', NULL, 5, 16, NULL, 'Дерій', 'fdb7712f8257e60b5748cb86a33aee05', 'tfz', NULL, 1),
(74, 'Башманова', 'Зоя', 'Георгіївна', NULL, 3, 16, NULL, 'Башманова', '6da370c886739b79785158abead4bc0f', 'q9z', NULL, 1),
(75, 'Бобор', 'Лариса', 'Миколаївна', NULL, 2, 16, NULL, 'Бобор', 'a076e6cbcca2183096e4f51e05db93cd', 'a99', NULL, 1),
(76, 'Зосименко', 'Тетяна', 'Іванівна', NULL, 4, 16, NULL, 'Зосименко', 'e418331d7abfb032b9cbf21207843ece', 'a39', NULL, 1),
(77, 'Мініна', 'Оксана', 'Валеріївна', NULL, 4, 16, NULL, 'Мініна', '10d2ef5d0ac983179632537208adfa06', 'y=m', NULL, 1),
(78, 'Обловатна', 'Тетяна', 'Василівна', NULL, 3, 16, NULL, 'Обловатна', '82bebf2e3c67b05ea5af3001ca12c4db', 'q.x', NULL, 1),
(79, 'Поленкова', 'Марина', 'Володимирівна', NULL, 3, 16, NULL, 'Поленкова', '743504d5dc8b7fbfed7aa4eb6f3f0856', 'oc1', NULL, 1),
(80, 'Самко', 'Олеся', 'Олександрівна', NULL, 4, 16, NULL, 'Самко', '3c58e2b0d880121a0b1256ff16f688f6', 'gok', NULL, 1),
(81, 'Хоменко', 'Інна', 'Олександрівна', NULL, 4, 16, NULL, 'Хоменко', '752ae5b08705bcc88cb89b64be665612', 'pfg', NULL, 1),
(82, 'Шадура-Никипорець', 'Наталія', 'Тимофіївна', NULL, 4, 16, NULL, 'Шадура-Никипорець', '0a77ccbbfb7bfc1f8f2d22000f62537d', 'mcn', NULL, 1),
(83, 'Шкарлет', 'Сергій', 'Миколайович', NULL, 5, 16, NULL, 'Шкарлет', '5f0d1207649704297f37610df233b234', '083', NULL, 1),
(84, 'Крук', 'Олександр', 'Іванович', NULL, 4, 16, NULL, 'Крук', '9bc1bcc51c66a534ec34467c5e46713b', 'hhk', NULL, 1),
(85, 'Каземирова', 'Світлана', 'Костянтинівна', NULL, 4, 16, NULL, 'Каземирова', '95736019ae6d7a44d09d512d08f5d907', '11+', NULL, 1),
(86, 'Киселиця', 'Іван', 'Михайлович', NULL, 4, 16, NULL, 'Киселиця1', 'e953ed41ad8c5f6f1223b6f53c66fadb', 'xsl', NULL, 1),
(87, 'Киселиця', 'Світлана', 'Володимирівна', NULL, 4, 16, NULL, 'Киселиця', '22bddd88e6c25ade7f9ac115e90f627b', '76z', NULL, 1),
(88, 'Кобища', 'Володимир', 'Іванович', NULL, 3, 16, NULL, 'Кобища', '2587f21fefa132fb2fb540a94723b4f3', 'v9a', NULL, 1),
(89, 'Колєватов', 'Олексій', 'Олександрович', NULL, 4, 16, NULL, 'Колєватов', '337dec7b18950002bed24a57633ff6eb', 'rcz', NULL, 1),
(90, 'Легецька', 'Лідія', 'Олександрівна', NULL, 4, 16, NULL, 'Легецька', '9a88b9f85508012a5e95bd423e51a895', 'nhk', NULL, 1),
(91, 'Салькова', 'Тетяна', 'Вікторівна', NULL, 2, 16, NULL, 'Салькова', '2289e16d03b460893986bebe10b694ca', 'uk-', NULL, 1),
(92, 'Світенок', 'Марія', 'Іванівна', NULL, 3, 16, NULL, 'Світенок', '6653e52ed1361d793b2ef975c8dc7ecc', '1pd', NULL, 1),
(93, 'Тессен', 'Ірина', 'Сергіївна', NULL, 3, 16, NULL, 'Тессен', '9cef47f77ff6963a8ca29274cb967dfd', '_j.', NULL, 1),
(94, 'Хамітов', 'Назіп', 'Віленович', NULL, 5, 16, NULL, 'Хамітов', 'fa7798c5e147c72c15516d6d0b7394ee', 'rh.', NULL, 1),
(95, 'Литвин', 'Світлана', 'Володимирівна', NULL, 4, 16, NULL, 'Литвин', 'fd7177b10ce002baa7b4bb994ae0a6a1', 'z7g', NULL, 1),
(97, 'Бараненкова', 'Наталія', 'Анатоліївна', NULL, 4, 16, NULL, 'Бараненкова', 'a1256eb10a02c3d0cd79c6200482b03e', 'vtk', NULL, 1),
(98, 'Гаценко', 'Ірина', 'Олександрівна', NULL, 4, 16, NULL, 'Гаценко1', '1de3a2ec39010b2fac0b90c85401a4fd', 'zo,', NULL, 1),
(99, 'Корець', 'Тетяна', 'Василівна', NULL, 2, 16, NULL, 'Корець', '347bbc177f1f161fcafce19b86069544', 'yu.', NULL, 1),
(100, 'Кормільцина', 'Світлана', 'Юріївна', NULL, 2, 16, NULL, 'Кормільцина', '587b72b0a62f7081184b342c081c1007', 'k5q', NULL, 1),
(102, 'Юсухно', 'Світлана', 'Іванівна', NULL, 3, 16, NULL, 'Юсухно', '145c98de67085ccb0e0c8f0581e2bc52', '-nc', NULL, 1),
(103, 'Яковенко', 'Тетяна', 'Миколаївна', NULL, 2, 16, NULL, 'Яковенко', '9689e0e421c110811b728b5dd09a2ca5', 't7q', NULL, 1),
(104, 'Кузьменко', 'Микола', 'Григорович', NULL, 3, 16, NULL, 'Кузьменко', '1b07daa75d728e9362e3ef613959b31f', '=sz', NULL, 1),
(105, 'Богдан', 'Юрій', 'Миколайович', NULL, 2, 16, NULL, 'Богдан', 'e15c2a44a060c47bc94ff1dcf82cb605', 'ghm', NULL, 1),
(106, 'Борисенко', 'Володимир', 'Валерійович', NULL, 2, 16, NULL, 'Борисенко', '9b5a3ee5ed3d84b02b007245e4bfd535', 'zir', NULL, 1),
(107, 'Горобей', 'Микола', 'Петрович', NULL, 4, 16, NULL, 'Горобей', 'f549017b5e65b480a2ba5e43d4b5c9b5', 'x+a', NULL, 1),
(108, 'Дерябкіна', 'Тетяна', 'Володимирівна', NULL, 3, 16, NULL, 'Дерябкіна', '2e8500834d1d9abda7c85f1a0ec2999d', '+u=', NULL, 1),
(109, 'Добронизський', 'Євгеній', 'Олегович', NULL, 2, 16, NULL, 'Добронизський', 'c3614e02783974d937becb09bef2f7f6', 'd=9', NULL, 1),
(110, 'Драгунов', 'Дмитро', 'Миколайович', NULL, 2, 16, NULL, 'Драгунов', '77b2a1e899f486fd1373ab0158ec8271', 'lah', NULL, 1),
(111, 'Дудоров', 'Олександр', 'Михайлович', NULL, 2, 16, NULL, 'Дудоров', '307dfe04da34e1d3f07b65d8aeada193', '58c', NULL, 1),
(113, 'Колодяжна', 'Тетяна', 'Павлівна', NULL, 3, 16, NULL, 'Колодяжна', '89a16e8218c954e3f94257545c0abacd', 'xvu', NULL, 1),
(115, 'Печко', 'Олександр', 'Миколайович', NULL, 2, 16, NULL, 'Печко', 'c0c5a085a9a2626aa6f532a081570f9f', 'fch', NULL, 1),
(116, 'Пінчук', 'Наталія', 'Юріївна', NULL, 3, 16, NULL, 'Пінчук', '3bd38b99b55dbeee94fac2e7c360a818', 'ro4', NULL, 1),
(117, 'Роскін', 'Олександр', 'Анатолійович', NULL, 2, 16, NULL, 'Роскін', '3a6fe241bc657966b402ae0633130d50', '_nc', NULL, 1),
(118, 'Самійленко', 'Володимир', 'Петрович', NULL, 2, 16, NULL, 'Самійленко', '4d256d79bd74717b3b7edfda9f775645', 'm9b', NULL, 1),
(119, 'Сенчук', 'Лариса', 'Анатоліївна', NULL, 2, 16, NULL, 'Сенчук', '144309fe0f27bba382e35dea2d6a7710', 'un-', NULL, 1),
(120, 'Харченко', 'Анатолій', 'Миколайович', NULL, 3, 16, NULL, 'Харченко', '93d7843f188e20289a50ad460bb013d2', '5cr', NULL, 1),
(121, 'Хлібурад', 'Віталій', 'Васильович', NULL, 2, 16, NULL, 'Хлібурад', '1d062b9fa3b7b4523826bf58ed1d4014', 'p4u', NULL, 1),
(122, 'Чалий', 'Олександр', 'Сергійович', NULL, 4, 16, NULL, 'Чалий', '0f48703875bc2847633e1897fe926211', 'f4.', NULL, 1),
(123, 'Гливенко', 'Валентина', 'Василівна', NULL, 4, 16, NULL, 'Гливенко', 'f4acb8102a7373faf0349ea7817eae24', 'o8p', NULL, 1),
(124, 'Андросенко', 'Олена', 'Олексіївна', NULL, 2, 16, NULL, 'Андросенко', '7b91b2562956a11261c56082ac993b48', 'vv,', NULL, 1),
(125, 'Барбаш', 'Ганна', 'Іванівна', NULL, 3, 16, NULL, 'Барбаш1', '325428efc3ad993c61f9cdcd982bf88a', 'k2r', NULL, 1),
(126, 'Биховець', 'Світлана', 'Олександрівна', NULL, 3, 16, NULL, 'Биховець', '23e224251f8cf3f774ec87a7ee003b30', 't.-', NULL, 1),
(127, 'Бондаренко', 'Діана', 'Василівна', NULL, 3, 16, NULL, 'Бондаренко1', '1aa70bb553717e8df1ef745424268305', '+a1', NULL, 1),
(128, 'Єрмак', 'Олександр', 'Іванович', NULL, 4, 16, NULL, 'Єрмак', '537ffd00ca712cf09a4284b76ec12ed5', '_8k', NULL, 1),
(129, 'Клименко', 'Олена', 'Михайлівна', NULL, 4, 16, NULL, 'Клименко1', 'e32444cf4e7551744e47363367da5eb0', '_j4', NULL, 1),
(130, 'Клименко', 'Тетяна', 'Вікторівна', NULL, 3, 16, NULL, 'Клименко2', 'c7b21dd6d30e6bedcf698056495bdcfd', '0w_', NULL, 1),
(131, 'Лаптій', 'Тетяна', 'Миколаївна', NULL, 3, 16, NULL, 'Лаптій', '9fd2fa17265645a5f1dca0e0f9f7205f', '*cz', NULL, 1),
(132, 'Маркова', 'Наталія', 'Миколаївна', NULL, 3, 16, NULL, 'Маркова', '53faa3e9ec40fd53c842778aae74357e', 'fc5', NULL, 1),
(133, 'Полякова', 'Ольга', 'Володимирівна', NULL, 4, 16, NULL, 'Полякова', '38ad737af2d81e0ef4f854ae389add1e', '-v8', NULL, 1),
(134, 'Скоромець', 'Андрій', 'Михайлович', NULL, 3, 16, NULL, 'Скоромець', '95ceb81cbdb72289422a006dfbbb2885', 'xu0', NULL, 1),
(136, 'Гребенник', 'Алла', 'Григорівна', NULL, 3, 16, NULL, 'Гребенник', '642704ad924768a68214080323546a20', 'f,q', NULL, 1),
(137, 'Злобіна', 'Ольга', 'Василівна', NULL, 3, 16, NULL, 'Злобіна', '19aa6877bd7e0bfee222f33457d20e71', '_4p', NULL, 1),
(138, 'Клінцов', 'Леонід', 'Миколайович', NULL, 4, 16, NULL, 'Клінцов', '98913b54f7f617c9fb4246edd5a9c900', '6i*', NULL, 1),
(139, 'Міщенко', 'Микола', 'Володимирович', NULL, 4, 16, NULL, 'Міщенко', '213ec3e51a583471de06b7de8c0b186c', 'xx.', NULL, 1),
(140, 'Мостова', 'Майя', 'Амірахмедівна', NULL, 4, 16, NULL, 'Мостова', 'a4ab1f50cc255dd51b49b26c9870f513', 'm*2', NULL, 1),
(142, 'Балюнов', 'Олексій', 'Олександрович', NULL, 4, 16, NULL, 'Балюнов', 'd81ef70e83db48c92a05a688507aaf11', 'pjc', NULL, 1),
(143, 'Дубягін', 'Олександр', 'Борисович', NULL, 4, 16, NULL, 'Дубягін', '495f64556ad9ddf132a1754a79b969b2', 'jo7', NULL, 1),
(144, 'Казнадій', 'Світлана', 'Петрівна', NULL, 3, 16, NULL, 'Казнадій', '594c053032aba782ee523bd152ebdd72', '7=f', NULL, 1),
(145, 'Корнієнко', 'Світлана', 'Петрівна', NULL, 4, 16, NULL, 'Корнієнко', '02bffbf157bb3f87d7d7d28666a3bd7a', 'pwn', NULL, 1),
(146, 'Лапа', 'Тамара', 'Володимирівна', NULL, 1, 16, NULL, 'Лапа', 'fba18765d6545851cde4132c7dfd1548', '1y*', NULL, 1),
(147, 'Лось', 'Валерій', 'Миколайович', NULL, 4, 16, NULL, 'Лось', '92a038d4511788a2cbca1773f9b1a901', 'hx+', NULL, 1),
(148, 'Михайленко', 'Олексій', 'Михайлович', NULL, 3, 16, NULL, 'Михайленко', 'd503051f3c934a9d1d80aef57a88481e', 'ej2', NULL, 1),
(149, 'Мовша', 'Олена', 'Миколаївна', NULL, 1, 16, NULL, 'Мовша', 'a246933f38bc2c7b656702831ee620b1', 'x06', NULL, 1),
(150, 'Мурашковська', 'Віра', 'Петрівна', NULL, 3, 16, NULL, 'Мурашковська', '6cc0d86b62ba0a14a4fbaeb1e3b853a5', '9sc', NULL, 1),
(151, 'Руновська', 'Людмила', 'Анатоліївна', NULL, 3, 16, NULL, 'Руновська', 'bcef3b8b8d59e6b3291921398284f9bb', 'kyh', NULL, 1),
(152, 'Синенко', 'Марина', 'Анатоліївна', NULL, 4, 16, NULL, 'Синенко', 'b4fa0c62106fd1568374f68066bb7f72', '9-m', NULL, 1),
(153, 'Трунова', 'Олена', 'Василівна', NULL, 4, 16, NULL, 'Трунова', '4d21c020c0214bcc68fb403a27b37a1c', '1vw', NULL, 1),
(154, 'Тур', 'Ганна', 'Іванівна', NULL, 3, 16, NULL, 'Тур', '135c2d9dac47cbd505c514dd9d130c00', 'j2-', NULL, 1),
(155, 'Філоненко', 'Олександр', 'Володимирович', NULL, 2, 16, NULL, 'Філоненко', '8411d2551120a8bda87ebfd2833dcec9', 'j=a', NULL, 1),
(156, 'Шаховніна', 'Наталія', 'Володимирівна', NULL, 4, 16, NULL, 'Шаховніна', '33b5211438e59de825e9d62d0702fe66', '6f7', NULL, 1),
(157, 'Юрченко', 'Марина', 'Євгенівна', NULL, 4, 16, NULL, 'Юрченко1', '3bfddc2a620252bf69b3637aef453458', 'ukp', NULL, 1),
(158, 'Атрошенко', 'Ірина', 'Тимофіївна', NULL, 1, 16, NULL, 'Атрошенко', 'cc3ffaba2180b5f227a1862afd594785', '81f', NULL, 1),
(159, 'Бивойно', 'Тарас', 'Павлович', NULL, 3, 1, NULL, 'admin', 'e37986f0ecb0d46126f47f222947f20c', 'v9t', 'dec-fpo@ukr.net', 1),
(160, 'Дрозд', 'Олександр', 'Петрович', NULL, 3, 16, NULL, 'Дрозд', '5c2fed2b4df66714b3cce43075fd141a', 'kwo', NULL, 1),
(161, 'Прищеп', 'Сергій', 'Іванович', NULL, 1, 16, NULL, 'Прищеп', '8dd18259397d957ef5dc9d23237b5554', 'a1z', NULL, 1),
(162, 'Сиса', 'Дмитро', 'Миколайович', NULL, 1, 16, NULL, 'Сиса', '4fa593bde6a6eb61f1f7db774edc67c2', '*7n', NULL, 1),
(163, 'Сподаренко', 'Ірина', 'Йосипівна', NULL, 1, 16, NULL, 'Сподаренко', '295c2a3fa28e14c3b7385ffee2f6cbee', 'l=6', NULL, 1),
(164, 'Ніщимна', 'Світлана', 'Олексіївна', NULL, 5, 16, NULL, 'Ніщимна', '79a88311c48b774514e5e693520a28b4', 'qdv', NULL, 1),
(165, 'Барабаш', 'Алла', 'Григорівна', NULL, 4, 16, NULL, 'Барабаш', 'cc7ead0a57a6df8e6b5f4e01b0f88875', '1lj', NULL, 1),
(166, 'Богдан', 'Юрій', 'Михайлович', NULL, 3, 16, NULL, 'Богдан1', 'e50917849db872acbf499bf76ff66df9', 'udj', NULL, 1),
(167, 'Величко', 'Анна', 'Андріївна', NULL, 3, 16, NULL, 'Величко', '3582b01e8d96a0aeeca88e4737c8da8d', 'ygv', NULL, 1),
(168, 'Денисов', 'Сергій', 'Федорович', NULL, 5, 16, NULL, 'Денисов1', '495eece29aee1514b3f560f32ea26cab', 'vl5', NULL, 1),
(169, 'Захаренко', 'Наталія', 'Володимирівна', NULL, 2, 16, NULL, 'Захаренко', '58c3ab9592034db352d8a3126ac02bde', 'pgo', NULL, 1),
(170, 'Ібрагімова', 'Наталія', 'Вікторівна', NULL, 3, 16, NULL, 'Ібрагімова', '484dd7f6d9d331f0a7ed45aa041b0f98', '6f7', NULL, 1),
(171, 'Коверзнев', 'Вадим', 'Олександрович', NULL, 4, 16, NULL, 'Коверзнев', 'a9e23caaa435e3742cc15ecce53cc636', 's=_', NULL, 1),
(172, 'Коломієць', 'Наталія', 'Володимирівна', NULL, 4, 16, NULL, 'Коломієць', 'df9d5b74ea0683507da3acd5cff8c4dd', 'j9z', NULL, 1),
(173, 'Конончук', 'Наталія', 'Миколаївна', NULL, 3, 16, NULL, 'Конончук', 'c0cb2e3c364e8364c7e217bcba03172b', 'l4m', NULL, 1),
(174, 'Крупко', 'Яна', 'Михайлівна', NULL, 2, 16, NULL, 'Крупко', '799d2d8c31f3f7526942609cbb67e3d9', '92*', NULL, 1),
(175, 'Нітченко', 'Алла', 'Григорівна', NULL, 4, 16, NULL, 'Нітченко', '0598119346c7a6eef807b3fa9cc01e3c', 'qx.', NULL, 1),
(176, 'Сіра', 'Ірина', 'Василівна', NULL, 2, 16, NULL, 'Сіра', 'c084c8d16ea9493d9f7b5d0c1fe36c61', 'g96', NULL, 1),
(177, 'Халимон', 'Сергій', 'Іванович', NULL, 4, 16, NULL, 'Халимон', '996846a769dc6101b8bdd96c59c3b093', 'ty6', NULL, 1),
(178, 'Шеремет', 'Олег', 'Семенович', NULL, 4, 16, NULL, 'Шеремет', 'ed3ca2e80e1cd58d0cc7e05f2117f30b', '_.o', NULL, 1),
(179, 'Шпомер', 'Алла', 'Іванівна', NULL, 4, 16, NULL, 'Шпомер', '5139b26eaf7e9baed310ed0b93d954ee', 'bd7', NULL, 1),
(180, 'Тополь', 'Ольга', 'Володимирівна', NULL, 5, 16, NULL, 'Тополь', '7467211a1c8835dcf2e8baefd7aaf48c', '82*', NULL, 1),
(181, 'Бойченко', 'Світлана', 'Генадіївна', NULL, 2, 16, NULL, 'Бойченко', '1259c7057d835e266371d044a8694c25', 'say', NULL, 1),
(182, 'Бондар', 'Юлія', 'Сергіївна', NULL, 2, 16, NULL, 'Бондар2', '17bc8a317806eec3efe3c1fabe31cc6a', 'b6c', NULL, 1),
(183, 'Герасименко', 'Павло', 'Володимирович', NULL, 4, 16, NULL, 'Герасименко', 'a51d5cef7fc08137daf37b000fc1033f', 'w,9', NULL, 1),
(184, 'Доній', 'Наталія', 'Євгенівна', NULL, 4, 16, NULL, 'Доній', '83f142f07a4cd56f7e7a6e4ab94f0fe9', '5e-', NULL, 1),
(185, 'Кальницька', 'Катерина', 'Олексіївна', NULL, 4, 16, NULL, 'Кальницька', '70237ed3e6822eecbd3dfb2a0b56d33c', 'vgo', NULL, 1),
(186, 'Мацарська', 'Світлана', 'Віталіївна', NULL, 3, 16, NULL, 'Мацарська', 'ac482a3efa3dd8f6639c2306d727a06a', 'wpp', NULL, 1),
(187, 'Новик', 'Людмила', 'Миколаївна', NULL, 3, 16, NULL, 'Новик', '4ede1985eb5fb14748a383633c8a33cb', '7=d', NULL, 1),
(188, 'Стех', 'Євгенія', 'Олександрівна', NULL, 2, 16, NULL, 'Стех', 'ffce89f24def3c353f9c9d7da0f1a9e5', '+-6', NULL, 1),
(189, 'Субботіна', 'Інга', 'Володимирівна', NULL, 4, 16, NULL, 'Субботіна', '30b6b082d67c4158a6a8805eafc44e6b', 'evg', NULL, 1),
(190, 'Шевченко', 'Ганна', 'Миколаївна', NULL, 4, 16, NULL, 'Шевченко', '6097e9030c8cf40aba5199586f0e583d', 'uup', NULL, 1),
(191, 'Личковах', 'Володимир', 'Анатолійович', NULL, 5, 16, NULL, 'Личковах', 'ee2447eb5b9dcefe7f9796436e494227', '-u5', NULL, 1),
(192, 'Сутрін', 'Віктор', 'Дмитрович', NULL, 4, 16, NULL, 'Сутрін', '2ca547fd9a6da7e77bce9acc7e4a164b', '+iw', NULL, 1),
(193, 'Борисенко', 'Валентина', 'Володимирівна', NULL, 4, 16, NULL, 'Борисенко1', '7613104836cbafa4a3bd809c2487f590', 'iul', NULL, 1),
(194, 'Герасименко', 'Олена', 'Володимирівна', NULL, 4, 16, NULL, 'Герасименко1', 'a28f39e069ed1aa45e8d75090b187351', 'y2f', NULL, 1),
(195, 'Доропій', 'Наталія', 'Миколаївна', NULL, 2, 16, NULL, 'Доропій', 'ab2eb937dc91adeec653cdb7e26d02d2', 'f=a', NULL, 1),
(196, 'Зіневич', 'Людмила', 'Василівна', NULL, 4, 16, NULL, 'Зіневич', 'af89b89ecaa7ca9516e9698996add373', 'oje', NULL, 1),
(197, 'Красавіна', 'Валентина', 'Василівна', NULL, 4, 16, NULL, 'Красавіна', '8d1df3d5f88baf973dada30cefb84c82', '8mu', NULL, 1),
(198, 'Мельник', 'Ольга', 'Євгенівна', NULL, 4, 16, NULL, 'Мельник1', '56e8e393e1310c00000f9bd9cfe6f4e6', ',3a', NULL, 1),
(199, 'Пономаренко', 'Олена', 'Володимирівна', NULL, 3, 16, NULL, 'Пономаренко1', 'd9c891dd82d6fee11233fd00b8b0ccc4', '4,g', NULL, 1),
(200, 'Фоміних', 'Наталія', 'Володимирівна', NULL, 2, 16, NULL, 'Фоміних', '420ba52220acd92d053268a34a68d65c', '-f5', NULL, 1),
(201, 'Шакун', 'Наталія', 'Валеріївна', NULL, 4, 16, NULL, 'Шакун', '2fcb37487b2c5af0708bb3dac421c2a0', 'hxj', NULL, 1),
(202, 'Коленіченко', 'Тетяна', 'Іванівна', NULL, 4, 16, NULL, 'Коленіченко', '1f723750a0923ef2e38108d5a66944b7', '1bw', NULL, 1),
(203, 'Акименко', 'Юрій', 'Федорович', NULL, 4, 16, NULL, 'Акименко2', 'be0edd2ffeff475882740e68be3917c1', '8c9', NULL, 1),
(204, 'Борисенко', 'Микола', 'Іванович', NULL, 3, 16, NULL, 'Борисенко3', 'b509b28c5a7eab308590b66b35d7ad62', ',5,', NULL, 1),
(205, 'Децюк', 'Тетяна', 'Миколаївна', NULL, 3, 16, NULL, 'Децюк', '5e50740ce5add449bd288930f6e14b08', '7ms', NULL, 1),
(206, 'Демченко', 'Ганна', 'Іванівна', NULL, 3, 16, NULL, 'Демченко2', '196697c757e9fb00a4b9d5b08d765c82', 'yt2', NULL, 1),
(207, 'Кривоконь', 'Наталія', 'Іванівна', NULL, 5, 16, NULL, 'Кривоконь', '417e01239f15ab9bd1927e88f7677c2e', '=v6', NULL, 1),
(208, 'Левицька', 'Надія', 'Сергіївна', NULL, 1, 16, NULL, 'Левицька', '8a22ce844d68e5f4ce3424b490fa1c18', 'cn_', NULL, 1),
(209, 'Лєскова', 'Любов', 'Федорівна', NULL, 3, 16, NULL, 'Лєскова', 'b84cf5cdcecb8c1cf1c96b263c9f1a80', ',ra', NULL, 1),
(210, 'Мекшун', 'Алла', 'Дмитрівна', NULL, 3, 16, NULL, 'Мекшун', '3d2583373bacb1ebb0c7317512a1c9c3', 'pmc', NULL, 1),
(211, 'Мульована', 'Любов', 'Іванівна', NULL, 1, 16, NULL, 'Мульована', '447476024c901175b9b4f8ca3e214659', 'p3f', NULL, 1),
(212, 'Ревко', 'Альона', 'Миколаївна', NULL, 1, 16, NULL, 'Ревко', '1bdc3d5d37c63a1e33ee995b14fa9b2e', 'qnj', NULL, 1),
(213, 'Полтарескул', 'Юлія', 'Миколаївна', NULL, 1, 16, NULL, 'Полтарескул', '96e2e10a193f86f734aa2319790ce5e1', '-7h', NULL, 1),
(214, 'Сила', 'Тетяна', 'Іванівна', NULL, 4, 16, NULL, 'Сила', 'c597d09dd92a6e663289b33349c8b5d7', 't=*', NULL, 1),
(215, 'Скорик', 'Тамара', 'Володимирівна', NULL, 4, 16, NULL, 'Скорик', '471fe48ab18429451c2ea26a5f264649', '6zd', NULL, 1),
(216, 'Тищенко', 'Наталія', 'Ігорівна', NULL, 3, 16, NULL, 'Тищенко', 'd07da7ad65b97d720a341ea8f8bf6381', 'd97', NULL, 1),
(217, 'Мазур', 'Тамара', 'Василівна', NULL, 4, 16, NULL, 'Мазур', 'eeaab676c9c7ca4330aed9705f2b881d', '-t_', NULL, 1),
(218, 'Демяненко', 'Юлія', 'Олександрівна', NULL, 4, 16, NULL, 'Демяненко', '9b058c5bdbafaea376e15c1e6ad3ab4d', 'gva', NULL, 1),
(219, 'Лещенко', 'Марина', 'Євгеніївна', NULL, 3, 16, NULL, 'Лещенко', '6868e427e11813e9a134811f125f1809', ',dy', NULL, 1),
(220, 'Литошенко', 'Юлія', 'Василівна', NULL, 3, 16, NULL, 'Литошенко', '7b22d3d2daf83e39087e72f457612c16', '18u', NULL, 1),
(221, 'Максьом', 'Катерина', 'Володимирівна', NULL, 2, 16, NULL, 'Максьом', '76776e35c6fd1ce89fa4a8e4c52f98a5', 'ni-', NULL, 1),
(222, 'Миронюк', 'Євгеній', 'Валерійович', NULL, 1, 16, NULL, 'Миронюк', 'cb946d0af097e6c4e14a12f279707289', 'mui', NULL, 1),
(223, 'Орешета', 'Юлія', 'Василівна', NULL, 3, 16, NULL, 'Орешета', '541b23c84f2134ffb7accb8d7e3b4ce9', 'ezt', NULL, 1),
(224, 'Федоренко', 'Володимир', 'Миколайович', NULL, 1, 16, NULL, 'Федоренко', 'fc7234701a027a0bffafa7ad24d27e8a', 'q7d', NULL, 1),
(225, 'Філіпович', 'Вікторія', 'Миколаївна', NULL, 4, 16, NULL, 'Філіпович', '3f09833998c03e3815babec648c48f38', '=ya', NULL, 1),
(226, 'Ємець', 'Наталія', 'Анатоліївна', NULL, 4, 16, NULL, 'Ємець', '9b2b0f09ac4483a87b35cb39800ee098', 'r-m', NULL, 1),
(227, 'Андрійчук', 'Тамара', 'Володимирівна', NULL, 4, 16, NULL, 'Андрійчук', '382dd7bdae0f442656d9695c0c8fe756', 'mzx', NULL, 1),
(228, 'Бабакова', 'Валентина', 'Миколаївна', NULL, 3, 16, NULL, 'Бабакова', '7987c2083affda83c2fa9dd76d6ee9b9', 'mzg', NULL, 1),
(229, 'Євдокименко', 'Раїса', 'Іванівна', NULL, 3, 16, NULL, 'Євдокименко', '42fc27fa02b6c2e2514fd7fdce80cba5', '6xu', NULL, 1),
(230, 'Карпова', 'Ірина', 'Гораціївна', NULL, 4, 16, NULL, 'Карпова', '83e16fade3afe7d9b54bb87bbfbe105e', '3de', NULL, 1),
(231, 'Ліванова', 'Таміла', 'Олегівна', NULL, 1, 16, NULL, 'Ліванова', 'b3e5afbbd18c839dc3ac36b38b6d9489', '.nm', NULL, 1),
(232, 'Сичова', 'Катерина', 'Вікторівна', NULL, 3, 16, NULL, 'Сичова', 'd4bb7b2efea85e4655c170f2b339e97d', 'lts', NULL, 1),
(233, 'Іванишина', 'Віра', 'Павлівна', NULL, 4, 16, NULL, 'Іванишина', 'a1906c66370335cb3c6fc51ef26f1d48', ',s1', NULL, 1),
(234, 'Биконя', 'Оксана', 'Павлівна', NULL, 4, 16, NULL, 'Биконя', '7f67eafacdf9f167f418501808777ec4', '2aw', NULL, 1),
(235, 'Демченко', 'Оксана', 'Андріївна', NULL, 2, 16, NULL, 'Демченко3', '9d638c5e04b97016c08f5bc114d61df9', 'f77', NULL, 1),
(236, 'Колотова', 'Оксана', 'Олександрівна', NULL, 4, 16, NULL, 'Колотова', '648d4c200e16c71c095cb2e2c57e48ab', 'pvm', NULL, 1),
(237, 'Корогод', 'Тамара', 'Олексіївна', NULL, 3, 16, NULL, 'Корогод', 'ef3e224aa7ee29547a397a79eb8dc302', '6yk', NULL, 1),
(238, 'Наконечна', 'Наталія', 'Миколаївна', NULL, 2, 16, NULL, 'Наконечна', 'eb171c7dbe05b2d6d44a9b2722a93ce2', 'sh.', NULL, 1),
(239, 'Рижа', 'Олена', 'Юріївна', NULL, 2, 16, NULL, 'Рижа', 'c60c101a3846b67b538153c5890673e1', 'hdv', NULL, 1),
(240, 'Шевченко', 'Юлія', 'Вікторівна', NULL, 3, 16, NULL, 'Шевченко2', '322d85db3b9391afa9607827be54c80b', '7.h', NULL, 1),
(241, 'Рудик', 'Вікторія', 'Анатоліївна', NULL, 4, 16, NULL, 'Рудик1', 'f5bb33098f73f8fa8370d47ed14f31d8', 'r,+', NULL, 1),
(242, 'Андріїв', 'Валентина', 'Василівна', NULL, 3, 16, NULL, 'Андріїв', 'cd4ceff97f5bcb6dbb222bda492f0136', 'usk', NULL, 1),
(243, 'Андріїв', 'Василь', 'Михайлович', NULL, 5, 16, NULL, 'Андріїв1', '392e841ab33e442162f6637d95d8f0c8', '8,.', NULL, 1),
(244, 'Волкова', 'Ганна', 'Романівна', NULL, 3, 16, NULL, 'Волкова', 'ed84f29b385a805b450436cdf43e675b', '.zm', NULL, 1),
(245, 'Литвиненко', 'Валентина', 'Миколаївна', NULL, 4, 16, NULL, 'Литвиненко', 'e81108638b21a213b3ca0a1fa9d636d4', '188', NULL, 1),
(246, 'Огородник', 'Олександр', 'Григорович', NULL, 3, 16, NULL, 'Огородник', 'fd1e86d4610b9c39cad25f4cf66e807b', 'j4x', NULL, 1),
(247, 'Огородник', 'Олександра', 'Олександрівна', NULL, 3, 16, NULL, 'Огородник1', '2de2f87bfafe55ec586f274b825a80b1', 'fsc', NULL, 1),
(248, 'Пузирний', 'Вячеслав', 'Феодосійович', NULL, 4, 16, NULL, 'Пузирний', '054fd0c9f1a04a1e834c0826558196ea', '5uj', NULL, 1),
(249, 'Селецький', 'Олексій', 'Вікторович', NULL, 2, 16, NULL, 'Селецький', 'd5e7e6c1400903476280cfac0dc8db21', '=ru', NULL, 1),
(250, 'Сташків', 'Богдан', 'Іванович', NULL, 5, 16, NULL, 'Сташків', '807c4108ff39d1a69221ac7ba61d7f60', '8_m', NULL, 1),
(251, 'Чічкань', 'Марія', 'Валеріївна', NULL, 4, 16, NULL, 'Чічкань', 'd8407a0a69409e7280e206e2ba776257', 'l-6', NULL, 1),
(252, 'Пузирна', 'Наталія', 'Станіславівна', NULL, 4, 16, NULL, 'Пузирна', '49356a5d0320043aa15c3eef0cbe9b23', '4do', NULL, 1),
(253, 'Хименко', 'Олександр', 'Анатолійович', NULL, 4, 16, NULL, 'Хименко', 'a79031268d78858b35111c1c88ce1899', 'fwp', NULL, 1),
(254, 'Андрущенко', 'Тетяна', 'Сергіївна', NULL, 1, 16, NULL, 'Андрущенко', '7ab3baf5853647895c9da13cd85ddbb7', 'cph', NULL, 1),
(255, 'Апанасенко', 'Катерина', 'Іванівна', NULL, 4, 16, NULL, 'Апанасенко', 'aaa498c8f867c8721e1eaaa379cba087', '38u', NULL, 1),
(256, 'Керноз', 'Неля', 'Євгеніївна', NULL, 3, 16, NULL, 'Керноз', '692fcb4be4b3e620b72e23b299da21da', '52y', NULL, 1),
(257, 'Кобзар', 'Вікторія', 'Василівна', NULL, 3, 16, NULL, 'Кобзар', 'c67386099585acab5668fa0f6e12a7fc', '_qj', NULL, 1),
(258, 'Козинець', 'Ірина', 'Гаврилівна', NULL, 3, 16, NULL, 'Козинець1', 'd169cf066d40d2cb44868e7e4b3430d2', '-rb', NULL, 1),
(259, 'Колодій', 'Інна', 'Миколаївна', NULL, 4, 16, NULL, 'Колодій', 'b0bdec05ebd12f325b4eba440a12778e', ',8m', NULL, 1),
(260, 'Кочина', 'Олександра', 'Сергіївна', NULL, 1, 16, NULL, 'Кочина', '75f3b280def90dcbe50b02face76d81b', 'yq9', NULL, 1),
(261, 'Ткаченко', 'Олександр', 'Григорович', NULL, 3, 16, NULL, 'Ткаченко', '565969a9c5c9295b84fe5c7ba653ac71', 'gzy', NULL, 1),
(262, 'Савінова', 'Валентина', 'Миколаївна', NULL, 3, 16, NULL, 'Савінова', '7712625d3782b77ec0cf8922ae781421', '4,q', NULL, 1),
(263, 'Целуйко', 'Михайло', 'Федорович', NULL, 4, 16, NULL, 'Целуйко', 'b486684b40a811298dccaa124e1e9468', '8mf', NULL, 1),
(264, 'Шестак', 'Лілія', 'Володимирівна', NULL, 4, 16, NULL, 'Шестак', 'ee1f06d215663ccaaaff990c7458106a', 'cf.', NULL, 1),
(265, 'Головко', 'Михайло', 'Борисович', NULL, 4, 16, NULL, 'Головко1', 'ea4c3b1d6422db47645ee565138abc69', '4b5', NULL, 1),
(266, 'Берднік', 'Інна', 'Володимирівна', NULL, 4, 16, NULL, 'Берднік', '434483447240b5b488bdccd0ed7762ff', '9dd', NULL, 1),
(267, 'Остапенко', 'Людмила', 'Анатоліївна', NULL, 4, 16, NULL, 'Остапенко', '89ffcd9db143bb29e50adaae039903fe', 'pwz', NULL, 1),
(268, 'Головатенко', 'Інна', 'Миколаївна', NULL, 1, 16, NULL, 'Головатенко', '81ea0a4b0d0ef178088fe2275202be1f', 'gjn', NULL, 1),
(269, 'Головко', 'Ольга', 'Михайлівна', NULL, 1, 16, NULL, 'Головко', 'e895cac1d0659a38ce66c6a7285ba7c3', '=l2', NULL, 1),
(270, 'Осипенко', 'Іван', 'Петрович', NULL, 3, 16, NULL, 'Осипенко', '15cca5052df9784a875e0d3ba328a114', 'ydw', NULL, 1),
(271, 'Петрик', 'Олена', 'Леонідівна', NULL, 1, 16, NULL, 'Петрик', '76e10a9ace549018221ba4416fed4792', 'oxu', NULL, 1),
(272, 'Сенченко', 'Надія', 'Миколаївна', NULL, 4, 16, NULL, 'Сенченко', '6cf4a42e31c54282c9b5cc19e582000b', '01c', NULL, 1),
(273, 'Сокол', 'Марія', 'Юріївна', NULL, 2, 16, NULL, 'Сокол', '1d4036e0f753b9ced510560062c5bcb9', 's=c', NULL, 1),
(274, 'Черненок', 'Максим', 'Петрович', NULL, 4, 16, NULL, 'Черненок', 'aa1347cc9f114477c22b4bf212f22d68', 'pw4', NULL, 1),
(275, 'Козинець', 'Олена', 'Гаврилівна', NULL, 4, 16, NULL, 'Козинець', '012eed98abae8f0dd8e6de53b859a0d5', 'nur', NULL, 1),
(276, 'Веремієнко', 'Світлана', 'Вікторівна', NULL, 3, 16, NULL, 'Веремієнко1', 'b04cdb74ce49be61e0867f6eccfc03a3', '=qw', NULL, 1),
(277, 'Іваньков', 'Ігор', 'Володимирович', NULL, 4, 16, NULL, 'Іваньков', '91ed1768564c2cd7b07132b6d8222afd', '.bg', NULL, 1),
(278, 'Марущак', 'Наталія', 'Володимирівна', NULL, 4, 16, NULL, 'Марущак1', 'd6c99d7e115af42f8afa29d5f01950d9', 'sr4', NULL, 1),
(279, 'Марущак', 'Олександр', 'Анатолійович', NULL, 1, 16, NULL, 'Марущак', '8ca97b100e07426015613f4a1d1c679f', 'ni2', NULL, 1),
(280, 'Олефіренко', 'Ельвіра', 'Олексіївна', NULL, 4, 16, NULL, 'Олефіренко', 'a2b73968699ff59ae9a3a4bcf919cca1', '+r6', NULL, 1),
(281, 'Петренко', 'Валентина', 'Іванівна', NULL, 3, 16, NULL, 'Петренко', '64d48ca3ec643789942eef2e62e441b3', 'f,i', NULL, 1),
(282, 'Толкач', 'Анжеліка', 'Миколаївна', NULL, 3, 16, NULL, 'Толкач1', '1d797927b0e06c13d724bacc200fd9e1', '35i', NULL, 1),
(283, 'Толкач', 'Сергій', 'Миколайович', NULL, 3, 16, NULL, 'Толкач', 'fcdbb7c6bf0587c6a6dd7587e8b1e9d9', '6=b', NULL, 1),
(285, 'Іванова', 'Інна', 'Миколаївна', NULL, 5, 16, NULL, 'Іванова1', '561903da3151c368b472aa58a20af0c3', 'iiv', NULL, 1),
(286, 'Лісовий', 'Артем', 'Сергійович', NULL, 2, 16, NULL, 'Лісовий', 'e403a9256c4cf40a6453d2b4c23aaec1', 'kty', NULL, 1),
(287, 'Педорич', 'Анатолій', 'Володимирович', NULL, 4, 16, NULL, 'Педорич', '402b8399b98befc881f4bafeea09498c', 'db2', NULL, 1),
(288, 'Сємака', 'Олексій', 'Миколайович', NULL, 2, 16, NULL, 'Сємака', '995f168dc93e3f08558d84e56baf4545', 'u31', NULL, 1),
(289, 'Ситников', 'Олександр', 'Павлович', NULL, 4, 16, NULL, 'Ситников', 'e24bbc194877bac0fc4f1efbc3a9d1c3', '9,4', NULL, 1),
(290, 'Стельмах', 'Ірина', 'Володимирівна', NULL, 2, 16, NULL, 'Стельмах', 'fa9d4b672465f339279eef71618ab1d1', 'acc', NULL, 1),
(292, 'Шевченко', 'Ольга', 'Олексіївна', NULL, 3, 16, NULL, 'Шевченко3', '14c26ee8758032f89da19f8a2d78fa21', '6my', NULL, 1),
(293, 'Завацький', 'Сергій', 'Володимирович', NULL, 4, 16, NULL, 'Завацький', '65db4b1a3a73e53dd1dab874a69bb3d0', 'sod', NULL, 1),
(294, 'Булат', 'Василь', 'Володимирович', NULL, 3, 16, NULL, 'Булат', '742454ba4226833fc6867dc10608089d', 'uam', NULL, 1),
(295, 'Гетта', 'Василь', 'Григорович', NULL, 5, 16, NULL, 'Гетта', 'e8a032fe6bcf3a5932b5389445286746', '5b0', NULL, 1),
(296, 'Корзаченко', 'Микола', 'Миколайович', NULL, 2, 16, NULL, 'Корзаченко', '02f3aff39ac63880b5ed2a069e756191', 'vu5', NULL, 1),
(297, 'Котельчук', 'Леонід', 'Серафимович', NULL, 4, 16, NULL, 'Котельчук', 'ea7e6253cb20e3849899fdaaeaa740f1', 'm88', NULL, 1),
(298, 'Лапа', 'Марина', 'Володимирівна', NULL, 4, 16, NULL, 'Лапа1', '9821bdad3003985dae70d29bbfce12d2', 'mx8', NULL, 1),
(299, 'Могильницький', 'Микола', 'Васильович', NULL, 2, 16, NULL, 'Могильницький', '17d6146c48d90cd7eaa3ca7f40dfe720', 'dq9', NULL, 1),
(300, 'Павленко', 'Володимир', 'Володимирович', NULL, 4, 16, NULL, 'Павленко', '8c1eb1f40c373a692dcf3929c0cce0d7', 'bux', NULL, 1),
(301, 'Прибитько', 'Ірина', 'Олександрівна', NULL, 4, 16, NULL, 'Прибитько', '84931cc04b64dede117ebad2a9e4c60e', 'si1', NULL, 1),
(302, 'Самосюк', 'Петро', 'Миколайович', NULL, 4, 16, NULL, 'Самосюк', '69cc6e741676b96b837964ae38696cae', 'mse', NULL, 1),
(303, 'Сергеєв', 'Андрій', 'Іванович', NULL, 2, 16, NULL, 'Сергеєв', '43c71ce84c3691c75095e313ccdc43f0', '3uf', NULL, 1),
(304, 'Сташкевич', 'Надія', 'Миколаївна', NULL, 2, 16, NULL, 'Сташкевич', '97b44adcc686758926f31eec9880d7bc', 'a-i', NULL, 1),
(305, 'Терещук', 'Олексій', 'Іванович', NULL, 5, 16, NULL, 'Терещук', '4a2fe04bdfa9db0a6f3d79a9d554d4bb', '686', NULL, 1),
(306, 'Бороденчик', 'Антоніна', 'Петрівна', NULL, 3, 16, NULL, 'Бороденчик', 'b7dae3d53b7933043d595d463a29ac01', '=pp', NULL, 1),
(307, 'Боханов', 'Іван', 'Іванович', NULL, 4, 16, NULL, 'Боханов', 'b7856cdd40b94192c637148a9a04d2db', '4bk', NULL, 1),
(308, 'Бурачек', 'Всеволод', 'Германович', NULL, 5, 16, NULL, 'Бурачек', '128621e5f552a83f0cca2b525ff92529', 'f5q', NULL, 1),
(309, 'Іванишин', 'Володимир', 'Андрійович', NULL, 5, 16, NULL, 'Іванишин', '6f8b1c9641862767f5082e3be97f2c0f', '6no', NULL, 1),
(310, 'Коваленко', 'Світлана', 'Василівна', NULL, 4, 16, NULL, 'Коваленко1', 'e2464196048eece6614729d3e040a57d', 'v62', NULL, 1),
(311, 'Корнієнко', 'Ігор', 'Валентинович', NULL, 4, 16, NULL, 'Корнієнко1', 'a2a3d688389faa71594cf778ecf482d6', '3=y', NULL, 1),
(312, 'Котченко', 'Юлія', 'Степанівна', NULL, 2, 16, NULL, 'Котченко', '6e58814892f16f3b40512f7d481a5f2b', '3kg', NULL, 1),
(313, 'Кривоберець', 'Сергій', 'Володимирович', NULL, 2, 16, NULL, 'Кривоберець', 'eefc9ffab9d8cc9cbd151a9d98c47e16', 'o-l', NULL, 1),
(314, 'Крячок', 'Сергій', 'Дмитрович', NULL, 4, 16, NULL, 'Крячок', '14577746d5da43dca5e27b6d17fb81af', 'moj', NULL, 1),
(315, 'Кулінич', 'Володимир', 'Васильович', NULL, 4, 16, NULL, 'Кулінич', '279551872c8756778a3481b545211590', '+0w', NULL, 1),
(316, 'Мамонтова', 'Людмила', 'Степанівна', NULL, 3, 16, NULL, 'Мамонтова', 'a2fe643603d5e03801e8773e942b42b9', 'afs', NULL, 1),
(317, 'Мовенко', 'Віктор', 'Іванович', NULL, 3, 16, NULL, 'Мовенко', 'aba2b92f56d2be9cc080aae7a96c4c2a', 'n*u', NULL, 1),
(318, 'Наровлянська', 'Олександра', 'Юріївна', NULL, 2, 16, NULL, 'Наровлянська', '2baf726966528bb54004507202ab478e', '0+*', NULL, 1),
(319, 'Нисторяк', 'Іван', 'Олександрович', NULL, 2, 16, NULL, 'Нисторяк', 'd315d11b0b0d04f2c43e44eb2640ffb0', '_,2', NULL, 1),
(320, 'Новик', 'Петро', 'Петрович', NULL, 3, 16, NULL, 'Новик1', 'a021f0cdbda813580ff37555364f797d', '2p4', NULL, 1),
(321, 'Пінчук', 'Олександр', 'Віталійович', NULL, 4, 16, NULL, 'Пінчук2', 'e9da34a64f12290d6e9c9d90b5fe5c31', 'sm7', NULL, 1),
(322, 'Побидайло', 'Оксана', 'Володимирівна', NULL, 3, 16, NULL, 'Побидайло', 'a407b4e20ce2154ccb5351583b38b05a', 'wg-', NULL, 1),
(323, 'Сидоренко', 'Ірина', 'Іванівна', NULL, 3, 16, NULL, 'Сидоренко1', 'd92db3e785baee12eb217cefbe9093b5', 'vuc', NULL, 1),
(324, 'Тарновська', 'Зоя', 'Михайлівна', NULL, 2, 16, NULL, 'Тарновська', '324a63ab303125fdf61d8e43897e61d8', 'vg+', NULL, 1),
(325, 'Тестова', 'Олена', 'Петрівна', NULL, 2, 16, NULL, 'Тестова', 'b3a48a168e0f63a00e1a1b00a284edb5', 'u.i', NULL, 1),
(326, 'Щербак', 'Юлія', 'Володимирівна', NULL, 2, 16, NULL, 'Щербак', '371fd13a7b4d147c43d13b2f669f1820', '62,', NULL, 1),
(327, 'Ступа', 'Володимир', 'Іванович', NULL, 5, 16, NULL, 'Ступа', '0f6927d430fc43963a0df7a4d9227883', 'hpp', NULL, 1),
(328, 'Бойко', 'Сергій', 'Васильович', NULL, 4, 16, NULL, 'Бойко', '05548be98b618ea968ecec72c592afbe', 'v62', NULL, 1),
(329, 'Бондаренко', 'Станіслав', 'Григорович', NULL, 5, 16, NULL, 'Бондаренко', 'b8f905ae040cc53e014cb2007d7783cd', 'jmu', NULL, 1),
(330, 'Борисов', 'Олександр', 'Олександрович', NULL, 1, 16, NULL, 'Борисов', '22a6c13fce4bb30a034b896abc91bb2c', 't,0', NULL, 1),
(331, 'Гора', 'Роман', 'Миколайович', NULL, 2, 16, NULL, 'Гора', 'b6ba67e93cefeec5c1da9faefb672d91', '22_', NULL, 1),
(332, 'Єрошенко', 'Андрій', 'Михайлович', NULL, 4, 16, NULL, 'Єрошенко', '6f430ab0d5afa4c9a9fe75c48cbeb0b9', 'u1i', NULL, 1),
(333, 'Ігнатенко', 'Павло', 'Леонідович', NULL, 4, 16, NULL, 'Ігнатенко1', '4f5e5a6d245e28fa75ad6b495bb47d9c', 'sgw', NULL, 1),
(334, 'Космач', 'Олександр', 'Павлович', NULL, 3, 16, NULL, 'Космач', '809935b1a364197fbc4cbbe141aa9719', '=3e', NULL, 1),
(335, 'Потапенко', 'Володимир', 'Іванович', NULL, 1, 16, NULL, 'Потапенко', '2271c1e38f39c08be61afcc56cdc5cb9', '+h*', NULL, 1);
INSERT INTO `ac_staff` (`staff_id`, `f_name`, `s_name`, `l_name`, `photo`, `posada_id`, `staff_deg_id`, `staff_tdeg_id`, `login`, `password`, `salt`, `email`, `id_role`) VALUES
(336, 'Сапон', 'Сергій', 'Петрович', NULL, 4, 16, NULL, 'Сапон', '18c854082632b9f8f7613cd8b60f62a5', '8=v', NULL, 1),
(337, 'Федориненко', 'Дмитро', 'Юрійович', NULL, 5, 16, NULL, 'Федориненко', 'a15ad26ea57f73e92292fd635351ab2b', '2ef', NULL, 1),
(338, 'Чередніков', 'Олег', 'Миколайович', NULL, 5, 16, NULL, 'Чередніков', 'e0b9251f6cd41f9dc0612efa081ab39c', 'l**', NULL, 1),
(339, 'Кальченко', 'Віталій', 'Іванович', NULL, 5, 16, NULL, 'Кальченко', 'd5b5d18cc2a69e272dd3e34529117350', 'ske', NULL, 1),
(340, 'Базилевич', 'Людмила', 'Володимирівна', NULL, 3, 16, NULL, 'Базилевич', 'd12a6388bd9a7d7ffb808cb4d2055dea', 'q8k', NULL, 1),
(341, 'Венжега', 'Володимир', 'Іванович', NULL, 4, 16, NULL, 'Венжега', 'e74881152128a31aa9362f992441fdec', 'cch', NULL, 1),
(342, 'Веремей', 'Геннадій', 'Олександрович', NULL, 3, 16, NULL, 'Веремей', '7e9eb16a9177c5520c213bea1bd827af', 'ep8', NULL, 1),
(343, 'Кальченко', 'Володимир', 'Віталійович', NULL, 5, 16, NULL, 'Кальченко1', '71d51649d814e036ae841070d5f878bd', 'eqq', NULL, 1),
(344, 'Киянець', 'Аліна', 'Петрівна', NULL, 1, 16, NULL, 'Киянець', '9c423b9364cc788755de111fda582026', '26i', NULL, 1),
(345, 'Кологойда', 'Антоніна', 'Вікторівна', NULL, 1, 16, NULL, 'Кологойда', 'a0e14bc444c1227bd2dfff5152ba7483', 'gmo', NULL, 1),
(346, 'Кужельний', 'Ярослав', 'Володимирович', NULL, 1, 16, NULL, 'Кужельний', '430b002e02e299afbeaaaa49a68f1c1e', '7b=', NULL, 1),
(347, 'Литвин', 'Олександр', 'Олександрович', NULL, 1, 16, NULL, 'Литвин1', '5d549ae517094521628ded4dbf18f1b7', '+qp', NULL, 1),
(348, 'Пасов', 'Геннадій', 'Володимирович', NULL, 4, 16, NULL, 'Пасов', 'c8436e711ba5731881941186cdac12cd', 'hkv', NULL, 1),
(349, 'Рудик', 'Андрій', 'Васильович', NULL, 4, 16, NULL, 'Рудик', 'b0772f5ca1da49ddfbc11f84c62e7c3f', 'lhx', NULL, 1),
(350, 'Скляр', 'Василь', 'Михайлович', NULL, 1, 16, NULL, 'Скляр', '953ae1674e8e48041fce5e1b5cacdfda', 's-e', NULL, 1),
(351, 'Слєднікова', 'Олена', 'Сергіївна', NULL, 1, 16, NULL, 'Слєднікова', '724a1d07e4861d955b754d81ab2c62ff', 'ha4', NULL, 1),
(352, 'Хоменко', 'Іван', 'Михайлович', NULL, 4, 16, NULL, 'Хоменко1', 'c64d4267df7244f991e02959d48d15d5', 'v+x', 'john.khomenko@gmail.com', 1),
(353, 'Чередніченко', 'Петро', 'Іванович', NULL, 5, 16, NULL, 'Чередніченко', '96d441d7e3f07cb7c9b6174aff383218', 'ck.', NULL, 1),
(354, 'Акимов', 'Олександр', 'Олександрович', NULL, 4, 16, NULL, 'Акимов', 'b127de7258150d9b3af41e8cf0653bb6', '_5n', NULL, 1),
(355, 'Бакалов', 'Валерій', 'Григорович', NULL, 4, 16, NULL, 'Бакалов', 'a2ecc0074cdfb1f6ded0cf623c08648c', 's1u', NULL, 1),
(356, 'Ігнатенков', 'Олександр', 'Леонідович', NULL, 4, 16, NULL, 'Ігнатенков', '7aa5866db54b36393e49fabdb524b76f', 'i0v', NULL, 1),
(357, 'Наумчик', 'Світлана', 'Анатоліївна', NULL, 3, 16, NULL, 'Наумчик', '9203778bc94d7358328dec9558da9a32', '+us', NULL, 1),
(358, 'Скрипник', 'Софія', 'Павлівна', NULL, 3, 16, NULL, 'Скрипник', '32d908289bf0ecb516097e4cebc146fd', 'vi,', NULL, 1),
(359, 'Харченко', 'Геннадій', 'Костянтинович', NULL, 5, 16, NULL, 'Харченко2', '44640b311f553246110587d2460d687e', '5ez', NULL, 1),
(360, 'Березін', 'Леонід', 'Якович', NULL, 4, 16, NULL, 'Березін', '3d6f7f2518d3fd8083c254266802c4c8', '8-b', NULL, 1),
(361, 'Болотов', 'Геннадій', 'Павлович', NULL, 5, 16, NULL, 'Болотов', 'd14ca9c43dfb063c3d9af148b5cc96e5', '=tb', NULL, 1),
(362, 'Болотов', 'Максим', 'Геннадійович', NULL, 4, 16, NULL, 'Болотов1', 'd693dc41331c6fc04f64af486a5a8eff', 'yr2', NULL, 1),
(363, 'Ганєєв', 'Тімур', 'Рашитович', NULL, 4, 16, NULL, 'Ганєєв', '73c86c9b4e7e2178c9e1ad6e7c89fa93', '9d=', NULL, 1),
(364, 'Новомлинець', 'Олег', 'Олександрович', NULL, 4, 16, NULL, 'Новомлинець', 'cba0b274eef121c023c65b843f962f69', ',9g', NULL, 1),
(365, 'Олексієнко', 'Сергій', 'Владиславович', NULL, 4, 16, NULL, 'Олексієнко', 'e1a5d43e59d754b80555b1e5388235d9', '7ua', NULL, 1),
(367, 'Руденко', 'Михайло', 'Миколайович', NULL, 3, 16, NULL, 'Руденко1', '8b5a9bb1997ccf68e4403e06f355faab', '0,g', NULL, 1),
(368, 'Дубенець', 'Віталій', 'Георгійович', NULL, 5, 16, NULL, 'Дубенець', '7e65946f017edf850d74858a58ada702', 'ri_', NULL, 1),
(369, 'Горбатко', 'Оксана', 'Олесандрівна', NULL, 4, 16, NULL, 'Горбатко', '9bb634457987617550dd9acfeb526424', 'ady', NULL, 1),
(370, 'Грицюк', 'Віталій', 'Юхимович', NULL, 4, 16, NULL, 'Грицюк', 'a73af9b0d93fe6c6ec333161806e8fd2', 'e9s', NULL, 1),
(371, 'Ігнатенко', 'Андрій', 'Сергійович', NULL, 1, 16, NULL, 'Ігнатенко', 'a231dea291f4738de2405ff30dbf9d83', 'zf_', NULL, 1),
(372, 'Кайдаш', 'Михайло', 'Дмитрович', NULL, 4, 16, NULL, 'Кайдаш', 'd2c4776228cd5c632ce7ec9616342a05', '7s3', NULL, 1),
(373, 'Савченко', 'Олена', 'Віталіївна', NULL, 4, 16, NULL, 'Савченко1', '5aebb280161b52eef8f3b9040f0e2aae', 'j3w', NULL, 1),
(374, 'Ющенко', 'Світлана', 'Михайлівна', NULL, 1, 16, NULL, 'Ющенко1', '852f0d029e65a306170ef13fea00c037', 'esh', NULL, 1),
(375, 'Пилипенко', 'Олег', 'Іванович', NULL, 5, 16, NULL, 'Пилипенко', 'ee03aea10e730bde100eb0a95a33bbfb', 'x_6', NULL, 1),
(376, 'Барбаш', 'Марина', 'Ігорівна', NULL, 3, 16, NULL, 'Барбаш', '4f8d0dcf2e4fa4604cfe33e993bbb17a', '1or', NULL, 1),
(377, 'Волик', 'Віктор', 'Сергійович', NULL, 1, 16, NULL, 'Волик', 'f7b5417c88d0758b54abc7d8e03bd1f5', '5r-', NULL, 1),
(378, 'Коваль', 'Віталій', 'Іванович', NULL, 4, 16, NULL, 'Коваль', '5eb652b25fd3707e72e8ebc1e3b51128', 'azk', NULL, 1),
(379, 'Максименко', 'Валерій', 'Анатолійович', NULL, 4, 16, NULL, 'Максименко', 'cad1da2121ebae15b1117ea318c4ecf8', 'ghx', NULL, 1),
(380, 'Черніков', 'Борис', 'Іванович', NULL, 4, 16, NULL, 'Черніков', '67808de22f8fff1b4ac1ed4793cfa354', 'b0*', NULL, 1),
(381, 'Скоробогатова', 'Валентина', 'Іванівна', NULL, 5, 16, NULL, 'Скоробогатова', '4142604706b784f7209cc5cb988c6bce', '*lc', NULL, 1),
(382, 'Алійник', 'Юлія', 'Віталіївна', NULL, 1, 16, NULL, 'Алійник', 'd87c0870d9fb127f7400a65b7438877e', '.re', NULL, 1),
(383, 'Ананьєв', 'Володимир', 'Михайлович', NULL, 3, 16, NULL, 'Ананьєв', 'c381ed9404a5f4810c6da53021248b55', 'm8u', NULL, 1),
(384, 'Безручко', 'Вячеслав', 'Михайлович', NULL, 3, 16, NULL, 'Безручко', '3a1b5da495108cf9cffa97bc354382fb', '5sv', NULL, 1),
(385, 'Бодунов', 'Вадим', 'Миколайович', NULL, 3, 16, NULL, 'Бодунов', '91bb71dae90f5184ff31cfd4be9a430b', 'klg', NULL, 1),
(386, 'Буйний', 'Роман', 'Олександрович', NULL, 4, 16, NULL, 'Буйний', '435ed18a2e68aa5ff5ef7fe1555f2d9e', '9i4', NULL, 1),
(387, 'Гулак', 'Ігор', 'Юрійович', NULL, 1, 16, NULL, 'Гулак', 'ad941bf6ec46c2e3561aa5a1408c7bc1', 'j77', NULL, 1),
(388, 'Діхтярук', 'Ігор', 'Віталійович', NULL, 1, 16, NULL, 'Діхтярук', '2efb47ff289fbfc77b063b89afaff1ed', 'oy5', NULL, 1),
(389, 'Дзюзієв', 'Володимир', 'Вахідович', NULL, 3, 16, NULL, 'Дзюзієв', 'cce24d3969d4a00858aab5b702f69ff6', '8zy', NULL, 1),
(390, 'Кошель', 'Володимир', 'Миколайович', NULL, 3, 16, NULL, 'Кошель', '69911377ccbc8c4670b7d2d92b16450a', 'bba', NULL, 1),
(391, 'Красножон', 'Андрій', 'Васильович', NULL, 3, 16, NULL, 'Красножон1', '07a6f27cfd52170410dae4f9cf0d5d08', 'mqa', NULL, 1),
(392, 'Кулик', 'Богдан', 'Іванович', NULL, 1, 16, NULL, 'Кулик', 'aa0910d18a0181a4a24ec200a30edc24', 'l8l', NULL, 1),
(393, 'Кулько', 'Тетяна', 'Володимирівна', NULL, 1, 16, NULL, 'Кулько', '763079100709a6a06c02bc3175336b79', 'qek', NULL, 1),
(394, 'Муравйов', 'Олександр', 'Павлович', NULL, 3, 16, NULL, 'Муравйов', '6e3e5b143e907e682db802537cc24086', 'm5h', NULL, 1),
(395, 'Приступа', 'Анатолій', 'Леонідович', NULL, 4, 16, NULL, 'Приступа', '63749d1aa51646433df1f0e567a037fe', '3fv', NULL, 1),
(396, 'Сахно', 'Сергій', 'Іванович', NULL, 3, 16, NULL, 'Сахно1', 'ec52a4168a10976e094c4854f2ff310e', 'xiy', NULL, 1),
(397, 'Денисов', 'Юрій', 'Олександрович', NULL, 5, 3, NULL, 'Денисов', 'a132db0bc245aa1b60af69f1ea94b43f', '7i=', 'den71ltd@gmail.com', 1),
(398, 'Войтенко', 'Володимир', 'Павлович', NULL, 4, 16, NULL, 'Войтенко', 'e50b1ffd375f872148b0ac469519cb60', 'f.o', NULL, 1),
(399, 'Гордієнко', 'Вячеслав', 'Валентинович', NULL, 4, 16, NULL, 'Гордієнко', '1327ca0bd01e9fe1667a23666246872e', 'ni3', NULL, 1),
(400, 'Єршов', 'Роман', 'Дмитрович', NULL, 1, 16, NULL, 'Єршов', 'eda8beaec0c3dcea3c6f9e05a1557b2d', '9jy', NULL, 1),
(401, 'Заровський', 'Руслан', 'Владиславович', NULL, 4, 16, NULL, 'Заровський', '0906ac4df369c2b300c9ba47fee3b20a', 'ajo', NULL, 1),
(402, 'Іванець', 'Сергій', 'Анатолійович', NULL, 4, 16, NULL, 'Іванець', '8531cb59cd05ab75f9640186b6b3bd7e', ',ye', NULL, 1),
(403, 'Козінцев', 'Олександр', 'Михайлович', NULL, 1, 16, NULL, 'Козінцев', '7cf084e7b4a08e0f3509bd8ebdef7827', 'j56', NULL, 1),
(404, 'Ревко', 'Анатолій', 'Сергійович', NULL, 4, 16, NULL, 'Ревко1', 'b287d18a7bdae5b30b9d5083252b2f70', 'ye-', NULL, 1),
(405, 'Степенко', 'Сергій', 'Анатолійович', NULL, 1, 16, NULL, 'Степенко', '829569e71e1b9539f599ff27aee533dd', 'u-b', NULL, 1),
(406, 'Велігорський', 'Олександр', 'Анатолійович', NULL, 4, 16, NULL, 'Велігорський', '202cb962ac59075b964b07152d234b70', '', NULL, 1),
(407, 'Гусев', 'Олександр', 'Олександрович', NULL, 4, 16, NULL, 'Гусев', 'f05947dfc71799689e6585099352b079', 'j5z', NULL, 1),
(408, 'Косенко', 'Роман', 'Анатолійович', NULL, 1, 16, NULL, 'Косенко', '10e1187fe59d87478b8731cc85d3e67b', '6dq', NULL, 1),
(409, 'Савенко', 'Олександр', 'Васильович', NULL, 3, 16, NULL, 'Савенко', 'bb6cba29ef5e334b015da8dfedd9bbdd', 'xg1', NULL, 1),
(410, 'Хоменко', 'Максим', 'Анатолійович', NULL, 4, 16, NULL, 'Хоменко2', 'a92958f284482964953e3f6114ba5746', 'o-+', NULL, 1),
(411, 'Казимир', 'Володимир', 'Вікторович', NULL, 5, 16, NULL, 'Казимир', 'c4b24dd3de8a7d903cd6d17a31a4d37e', 'opg', NULL, 1),
(412, 'Акименко', 'Андрій', 'Миколайович', NULL, 4, 16, NULL, 'Акименко', 'e2eb0c62579c37b561a1418137b8d9fd', 'xry', NULL, 1),
(413, 'Бальченко', 'Ірина', 'Володимирівна', NULL, 1, 16, NULL, 'Бальченко', '310a01a71883243b83462103134806d5', 'v7t', NULL, 1),
(414, 'Бивойно', 'Павло', 'Георгійович', NULL, 4, 2, NULL, 'p.g.byvoino', '731a3778b3a781a4e8cc831169fbf893', 'c5+', 'p.g.byvoino@gmail.com', 1),
(415, 'Вервейко', 'Олександр', 'Іванович', NULL, 4, 16, NULL, 'Вервейко', '16d0250eb6509e89dbd94992cff89901', 'yrl', NULL, 1),
(416, 'Верьовко', 'Марія', 'Вадимівна', NULL, 1, 16, NULL, 'Верьовко', '62375f2df57e3816b24b0a5ee7e2c59b', 'e7t', NULL, 1),
(417, 'Житник', 'Олег', 'Едуардович', NULL, 1, 16, NULL, 'Житник', 'a759b5a47540a8b2d0090cd43c290479', '1mf', NULL, 1),
(418, 'Зайцев', 'Сергій', 'Васильович', NULL, 4, 16, NULL, 'Зайцев', '6691b7f0d3eaff68761f7db11d4adbe7', '7+7', NULL, 1),
(420, 'Клименко', 'Віталій', 'Петрович', NULL, 5, 16, NULL, 'Клименко', 'fc83a0d8e90390db6b0f3405f5b53723', 'pmh', NULL, 1),
(421, 'Красножон', 'Олексій', 'Васильович', NULL, 1, 16, NULL, 'Красножон', 'd8f2b5bd022e6f3a8074bc1be8acb87f', '=ez', NULL, 1),
(422, 'Крищенко', 'Микола', 'Сергійович', NULL, 1, 16, NULL, 'Крищенко', 'b1dba592565556e864129942c9b9ba45', '7+h', NULL, 1),
(423, 'Мельниченко', 'Дмитро', 'Іванович', NULL, 3, 16, NULL, 'Мельниченко', '5f2a323376139f24ca6cb6c91bbd9387', 'h48', NULL, 1),
(424, 'Мошель', 'Микола', 'Васильович', NULL, 5, 16, NULL, 'Мошель', 'f44317218904ab447d36fb69f5f8c6ce', '56o', NULL, 1),
(425, 'Нестеренко', 'Сергій', 'Олександрович', NULL, 4, 16, NULL, 'nesterenkosa', '96e55da513dc77bc688b2b3beb9924f4', ',oo', NULL, 1),
(426, 'Нікітенко', 'Євген', 'Васильович', NULL, 4, 16, NULL, 'Нікітенко', 'f65f5d6f9545e5ab3a428da36833cff5', '*il', NULL, 1),
(427, 'Пріла', 'Ольга', 'Анатоліївна', NULL, 1, 16, NULL, 'Пріла', 'd0b22ac463a45f063ee304b7bc3faf79', 'xk.', NULL, 1),
(428, 'Риндич', 'Євген', 'Володимирович', NULL, 4, 16, NULL, 'Риндич', '268a461b0ce182d8fc646c46fc04511e', '01z', NULL, 1),
(429, 'Роговенко', 'Андрій', 'Іванович', NULL, 3, 16, NULL, 'Роговенко', '4e80272b602c485b414f760a5467d257', 'k9.', NULL, 1),
(430, 'Скосир', 'Олександр', 'Миколайович', NULL, 1, 16, NULL, 'Скосир', 'fc607d9e83e9703b4c23af5b628c5560', '.ya', NULL, 1),
(431, 'Соломаха', 'Валерій', 'Володимирович', NULL, 3, 16, NULL, 'Соломаха', '58a6cce6d1a24227de9a0388d24eac98', '+,y', NULL, 1),
(432, 'Стасюк', 'Сергій', 'Станіславович', NULL, 3, 16, NULL, 'Стасюк', 'bec7135456a904951acf97db28535b6c', 'cmc', NULL, 1),
(433, 'Ульченко', 'Дмитро', 'Олегович', NULL, 4, 16, NULL, 'Ульченко', '307d4621c5a905428d9d7098013b4da9', 'pud', NULL, 1),
(434, 'Фірсова', 'Ірина', 'Валеріївна', NULL, 3, 16, NULL, 'Фірсова', 'fd011792f2c0f3742ac5d6febbb46385', 'e50', NULL, 1),
(435, 'Харченко', 'Марина', 'Володимирівна', NULL, 1, 16, NULL, 'Харченко1', 'c50445ed4e3078e83c6eced2c2dc3665', '-97', NULL, 1),
(436, 'Яриловець', 'Артем', 'Васильович', NULL, 4, 16, NULL, 'Яриловець', 'da00a31152109287c8fd456d16a7e4af', 'vmz', NULL, 1),
(437, 'Литвинов', 'Віталій', 'Васильович', NULL, 5, 16, NULL, 'Литвинов', 'a43b1b221cbcf0d485e73ff0efb9c7dc', '*3j', NULL, 1),
(438, 'Бичко', 'Володимир', 'Анатолійович', NULL, 4, 16, NULL, 'Бичко', '0cd0051d5ab53b4db4c12dbab9b8b0fa', 'm=p', NULL, 1),
(439, 'Герасименко', 'Оксана', 'Юріївна', NULL, 1, 16, NULL, 'Герасименко2', 'a6d9b10a0c04804790ad81eb5e3f899d', 'b,d', NULL, 1),
(441, 'Задорожній', 'Артем', 'Олександрович', NULL, 1, 16, NULL, 'Задорожній', 'c888b0b7eee344319e020b0a76889b68', '=qz', NULL, 1),
(442, 'Злобін', 'Станіслав', 'Володимирович', NULL, 3, 16, NULL, 'Злобін', '5c2d6dfcba51e988c3950a37a6393ee6', 'yi1', NULL, 1),
(443, 'Михайлюк', 'Іван', 'Володимирович', NULL, 1, 16, NULL, 'Михайлюк1', '6b0c323894abc8627bb660b0625ce3de', '32s', NULL, 1),
(444, 'Мойсеєнко', 'Олег', 'Петрович', NULL, 1, 16, NULL, 'Мойсеєнко', '9c356a6506a9a1b453945d28f9c5c879', 'k5.', NULL, 1),
(445, 'Посадська', 'Ірина', 'Сергіївна', NULL, 1, 16, NULL, 'Посадська', 'a9e3339b1de895f6ef04b856e13eee59', '3rk', NULL, 1),
(446, 'Сімакін', 'Юрій', 'Сергійович', NULL, 1, 16, NULL, 'Сімакін', 'cf6d8de135b1e17d52da34885a0efc46', '1b,', NULL, 1),
(447, 'Скітер', 'Ігор', 'Семенович', NULL, 4, 16, NULL, 'Скітер', 'a58034e6d5588aaa62fa8b4c5230f691', 'z9q', NULL, 1),
(448, 'Скоп', 'Максим', 'Олександрович', NULL, 1, 16, NULL, 'Скоп', '86c2518b8bc6a345516f2446e553de40', '-jd', NULL, 1),
(451, 'Бивалькевич', 'Мстислав', 'Олексійович', NULL, 3, 16, NULL, 'Бивалькевич', '4fd6c96c25cfbdcf3af0d795e4663605', 'rs-', NULL, 1),
(452, 'Гут', 'Геннадій', 'Павлович', NULL, 2, 16, NULL, 'Гут', 'f7d924b7f9d1fc111b09c23cbd3fa2c9', 'bsa', NULL, 1),
(453, 'Журко', 'Володимир', 'Павлович', NULL, 3, 16, NULL, 'Журко', '98cf8f10ee343bbff4ec0da625eab3f3', '-+x', NULL, 1),
(454, 'Ковтун', 'Анатолій', 'Олексійович', NULL, 4, 16, NULL, 'Ковтун', '8127ffdb5f626c562066c374267e5753', 'n8t', NULL, 1),
(455, 'Наумчик', 'Павло', 'Іванович', NULL, 4, 16, NULL, 'Наумчик1', 'b7f003aae1778461d1b04c74f84d5d61', 'pm1', NULL, 1),
(456, 'Панченко', 'Лариса', 'Борисівна', NULL, 4, 16, NULL, 'Панченко1', 'd620cb36dedbb8e183e43439f1bdfbc4', 'rv9', NULL, 1),
(457, 'Рогоза', 'Олександр', 'Володимирович', NULL, 4, 16, NULL, 'Рогоза', '779989f8f533708e55b7b00dd89c246a', '+6g', NULL, 1),
(458, 'Сатюков', 'Анатолій', 'Іванович', NULL, 4, 16, NULL, 'Сатюков', 'ea0a3db157020b4469a03f95c7fe0c23', '4l0', NULL, 1),
(459, 'Тепла', 'Тетяна', 'Мирославна', NULL, 1, 16, NULL, 'Тепла', '09ce395d310bca0fad9570c79cceb881', '+g_', NULL, 1),
(460, 'Кичко', 'Ірина', 'Іванівна', NULL, 5, 16, NULL, 'Кичко', '06f9e4d432e354afd76ef9f872826487', 'te+', NULL, 1),
(461, 'Борисенко', 'Людмила', 'Іванівна', NULL, 3, 16, NULL, 'Борисенко2', 'e3ee078cd7f773212dfde4684d89b511', 's*m', NULL, 1),
(462, 'Веремієнко', 'Тетяна', 'Григорівна', NULL, 1, 16, NULL, 'Веремієнко', 'a861046ecf4671db1f4ced043ee1aaf1', 'i,c', NULL, 1),
(463, 'Забаштанський', 'Максим', 'Миколайович', NULL, 4, 16, NULL, 'Забаштанський', '0bf94a72af4c4bc77caeca8dd3d87a1c', 'uj6', NULL, 1),
(464, 'Іванова', 'Тетяна', 'Миколаївна', NULL, 4, 16, NULL, 'Іванова2', '8708b3bf64e8b26a100fdf832d6cb5f3', 'vxy', NULL, 1),
(465, 'Ільєнко', 'Ростислава', 'Василівна', NULL, 4, 16, NULL, 'Ільєнко', 'c3d101f0c800aa060464fd6c45f378fe', 'xeb', NULL, 1),
(466, 'Кондиріна', 'Анжеліка', 'Георгіївна', NULL, 4, 16, NULL, 'Кондиріна', '7dcbb9aa049d81b33ecda531f91050e0', 'at7', NULL, 1),
(467, 'Хмелевський', 'Сергій', 'Миколайович', NULL, 4, 16, NULL, 'Хмелевський', '493c98efdf13d5c9eef40c8b2a133232', 'zt,', NULL, 1),
(468, 'Холодницька', 'Алла', 'Вячеславівна', NULL, 4, 16, NULL, 'Холодницька', 'c6490f632bad99e0736112b02c5b682e', '7v9', NULL, 1),
(469, 'Царик', 'Ірина', 'Миколаївна', NULL, 4, 16, NULL, 'Царик', 'd89c34a8c10c512cd3eb47136990833c', 'n8q', NULL, 1),
(470, 'Черниченко', 'Олександр', 'Іванович', NULL, 3, 16, NULL, 'Черниченко', '231ac9adb41d504742fc815c327b5846', 'ovv', NULL, 1),
(471, 'Жидок', 'Вікторія', 'Вікторівна', NULL, 4, 16, NULL, 'Жидок', '4773482084e4c920446b93969b705375', 'j*_', NULL, 1),
(472, 'Бабаченко', 'Лариса', 'Валентинівна', NULL, 2, 16, NULL, 'Бабаченко', '53ebe8b893c13d71f183616b518ea0a0', 'zen', NULL, 1),
(473, 'Бондар', 'Василь', 'Васильович', NULL, 5, 16, NULL, 'Бондар', 'b7444d6cb04908f9b15d95f2aba44780', 'vg6', NULL, 1),
(474, 'Казімір', 'Яна', 'Леонідівна', NULL, 1, 16, NULL, 'Казімір', '70a3ca074805a662fe3bad6a0ca2c48e', '=wn', NULL, 1),
(475, 'Дворецький', 'Анатолій', 'Миколайович', NULL, 4, 16, NULL, 'Дворецький', '7d9b54a4681c8af8aeb8f122b0a5cba3', '9sd', NULL, 1),
(476, 'Забаштанська', 'Тетяна', 'Володимирівна', NULL, 3, 16, NULL, 'Забаштанська', '5074092d668019b88284e1692e1ae3b6', 'vn4', NULL, 1),
(477, 'Михайлюк', 'Наталія', 'Сергіївна', NULL, 2, 16, NULL, 'Михайлюк', '405b985870a1d5b2a2f7db6c499793a7', '-y-', NULL, 1),
(478, 'Кубрак', 'Василь', 'Михайлович', NULL, 4, 16, NULL, 'Кубрак', '9bb115ec1565e69201bf0a8b92d56299', '*cq', NULL, 1),
(479, 'Кухарук', 'Олександр', 'Васильович', NULL, 3, 16, NULL, 'Кухарук', 'fc228e1e3ea90c151afbce7cf713a758', 'hjl', NULL, 1),
(480, 'Москаленко', 'Анатолій', 'Михайлович', NULL, 4, 16, NULL, 'Москаленко', '293f8deec70eaa11db1e2dafd1bdd73d', '3rn', NULL, 1),
(481, 'Москаленко', 'Валентина', 'Анатоліївна', NULL, 4, 16, NULL, 'Москаленко1', '3df94f11a38be17284c07a9ce9c7fe23', 'l=+', NULL, 1),
(482, 'Пінчук', 'Аліна', 'Олександрівна', NULL, 4, 16, NULL, 'Пінчук1', 'f1a90c51b87f94ca683abb3b7f609a29', 'f6l', NULL, 1),
(483, 'Товстоліс', 'Антоніна', 'Іванівна', NULL, 3, 16, NULL, 'Товстоліс', '3f100325a1ab8ea67fa93880cc1abb8e', '7+*', NULL, 1),
(484, 'Ткач', 'Юлія', 'Миколаївна', NULL, 4, 16, NULL, 'Ткач', '6e61daebb4eef89d04d1d4c86c1d46df', 'o.f', NULL, 1),
(485, 'Базилевич', 'Володимир', 'Маркович', NULL, 3, 16, NULL, 'Базилевич1', '05e16177bb9266719b9868e572194533', 'j*7', NULL, 1),
(486, 'Коротков', 'Василь', 'Павлович', NULL, 4, 16, NULL, 'Коротков', '198bdaff7c2d82e44e85f66f86445283', 'yn0', NULL, 1),
(487, 'Мехед', 'Дмитро', 'Борисович', NULL, 4, 16, NULL, 'Мехед', 'ad382572d558ead32c2dbb34b05d1c1b', 'krp', NULL, 1),
(488, 'Петренко', 'Тарас', 'Анатолійович', NULL, 3, 16, NULL, 'Petrenko', 'be18c1b87e32a78b959e494ba19f095f', 'sb,', NULL, 1),
(489, 'Осадчий', 'Олександр', 'Васильович', NULL, 4, 16, NULL, 'Осадчий', '5f78c850b929a230271ef4d23d8011c2', 'ht*', NULL, 1),
(490, 'Гапонько', 'Анатолій', 'Іванович', NULL, 3, 16, NULL, 'Гапонько', 'da1fb6a6540696c03aa57ca9c57424f9', '6+t', NULL, 1),
(491, 'Демченко', 'Алла', 'Анатоліївна', NULL, 3, 16, NULL, 'Демченко1', 'c325d884617d7f8bc18bb7e6928c4be0', '6hy', NULL, 1),
(492, 'Дяговець', 'Олексій', 'Васильович', NULL, 1, 16, NULL, 'Дяговець', '327c5370c6ff9d50f22b5b832ebc61e2', '3ma', NULL, 1),
(493, 'Зайчиков', 'Борис', 'Олесандрович', NULL, 3, 16, NULL, 'Зайчиков', 'b08bd290512d16fcd8bfd1bbac1cd3c5', 'di2', NULL, 1),
(494, 'Зуб', 'Валерій', 'Олексійович', NULL, 4, 16, NULL, 'Зуб', 'aa800bc98d9b82be4a1c09552b2e80f0', 'yi5', NULL, 1),
(495, 'Козир', 'Олена', 'Сергіївна', NULL, 2, 16, NULL, 'Козир', '0d66cc3d29be81e7b06342d4330dec0c', 'gfk', NULL, 1),
(496, 'Кравченко', 'Вадим', 'Анатолійович', NULL, 2, 16, NULL, 'Кравченко', '7d333dc9067c1c35a4a2e7f043702c47', 'h4y', NULL, 1),
(497, 'Пилипенко', 'Володимир', 'Миколайович', NULL, 3, 16, NULL, 'Пилипенко1', 'a463461d3cce7d7296bf15d6000aaa3a', '+s9', NULL, 1),
(498, 'Ридзель', 'Юрій', 'Миколайович', NULL, 2, 16, NULL, 'Ридзель', 'a9a3fa1b52fe2729cd5947ed83f6956b', 's4u', NULL, 1),
(499, 'Самохін', 'Микола', 'Кузьмич', NULL, 4, 16, NULL, 'Самохін', '3cbdd19b2239f603e599d9a809bb5d1d', '7iv', NULL, 1),
(500, 'Шмаргун', 'Микола', 'Іванович', NULL, 4, 16, NULL, 'Шмаргун', 'a48c28b55f54c687371f2457e1eb4fcd', 'f01', NULL, 1),
(501, 'Канівець', 'Віктор', 'Іванович', NULL, 5, 16, NULL, 'Канівець', '95d629c97dbfd981cd4955d9d64971b9', 'xj5', NULL, 1),
(503, 'Бондар', 'Ірина', 'Миколаївна', NULL, 2, 16, NULL, 'Бондар1', '6017ab1e5c1d0fa56c18d2ddffa40705', 's*4', NULL, 1),
(504, 'Копилов', 'Євгеній', 'Павлович', NULL, 4, 16, NULL, 'Копилов', 'db3a5fedb3f0cd999d79473581cd39c2', '=uy', NULL, 1),
(506, 'Черствий', 'Степан', 'Михайлович', NULL, 4, 16, NULL, 'Черствий', '41bdbacf5c64ae6c9c8dea1df5c60d2f', '10t', NULL, 1),
(507, 'Чмель', 'Олена', 'Петрівна', NULL, 2, 16, NULL, 'Чмель', 'c78768f7b7f83b840b920c9541b585ca', '6px', NULL, 1),
(508, 'Селінний', 'Михайло', 'Михайлович', NULL, 4, 16, NULL, 'Селінний', '612ddbe8d7e60cf49f8d5ea2880eb7f7', '=5l', NULL, 1),
(509, 'Андрєєва', 'Ганна', 'Петрівна', NULL, 4, 16, NULL, 'Андрєєва', '870d1b1800bb9a8ed3c52c738eb321dd', 's33', NULL, 1),
(510, 'Боярчук', 'Людмила', 'Вячеславівна', NULL, 2, 16, NULL, 'Боярчук', '2f7966fcd5e14a8aa544dd48a9bb3eb1', '8mq', NULL, 1),
(511, 'Брайко', 'Володимир', 'Борисович', NULL, 4, 16, NULL, 'Брайко', '3339b94376d6bf61ba1b292f8c3b089b', 'k+7', NULL, 1),
(512, 'Мельников', 'Сергій', 'Володимирович', NULL, 4, 16, NULL, 'Мельников', 'a7fccdceb7406e2457ab832f1dda0930', 'dhm', NULL, 1),
(513, 'Михайлов', 'Леонід', 'Петрович', NULL, 4, 16, NULL, 'Михайлов', '5696b91ca89c1ab4395fd3c2bff99e7f', '-2o', NULL, 1),
(514, 'Потоцька', 'Світлана', 'Олександрівна', NULL, 4, 16, NULL, 'Потоцька', 'c05a655dba994779f254fb54a3130d31', 'x+9', NULL, 1),
(515, 'Руденко', 'Вікторія', 'Петрівна', NULL, 3, 16, NULL, 'Руденко2', '873c315bca6e8c33552f41e2a54e1c52', 'skt', NULL, 1),
(516, 'Савоськіна', 'Анна', 'Михайлівна', NULL, 2, 16, NULL, 'Савоськіна', '2791eb5395d52d6a84cbf72c421585e4', 'n1*', NULL, 1),
(517, 'Сальник', 'Віктор', 'Павлович', NULL, 3, 16, NULL, 'Сальник', '7346131fca42f3081fa8c272c07566eb', 'l8+', NULL, 1),
(518, 'Коваль', 'Петро', 'Федорович', NULL, 4, 16, NULL, 'Коваль1', 'feabecb015dd51a6c1cc081d2fd48481', 'ayf', NULL, 1),
(519, 'Алєшугіна', 'Наталія', 'Олександрівна', NULL, 4, 16, NULL, 'Алєшугіна', '7e33ae6e14c1837166a55a97b6e9354c', 'od6', NULL, 1),
(520, 'Безуглий', 'Ігор', 'Володимирович', NULL, 4, 16, NULL, 'Безуглий', '9f1a7e0528747508b83740c7157685d1', 'ap7', NULL, 1),
(521, 'Бриль', 'Кирило', 'Григорович', NULL, 4, 16, NULL, 'Бриль', 'd9c3f89cb071f18d51472aded5096ee6', '9+g', NULL, 1),
(522, 'Величко', 'Віктор', 'Миколайович', NULL, 2, 16, NULL, 'Величко1', '22fc571397f967ce4ea3613ff8f7e849', '9o7', NULL, 1),
(523, 'Григор''єва', 'Тетяна', 'Вікторівна', NULL, 4, 16, NULL, 'Григор''єва', '05292d43b9ea20cd1c03b6ba8f1ca212', 'y6g', NULL, 1),
(524, 'Данилюк', 'Людмила', 'Михайлівна', NULL, 2, 16, NULL, 'Данилюк', 'a1b08fbae813a69547d2d09516e5ca0b', '6,=', NULL, 1),
(525, 'Гагіна', 'Наталія', 'Вікторівна', NULL, 4, 16, NULL, 'Гагіна', 'bd3c024bfc590fed567ae29476b745ab', '_fe', NULL, 1),
(527, 'Гречок', 'Лідія', 'Михайлівна', NULL, 3, 16, NULL, 'Гречок', '9914f852431cca5b5df216aa9b38f489', 'av-', NULL, 1),
(529, 'Лашук', 'Наталія', 'Миколаївна', NULL, 2, 16, NULL, 'Лашук', '29a6a2594d1e3ccf7e0d4a909995a33d', 'ytc', NULL, 1),
(530, 'Лось', 'Олена', 'Вікторівна', NULL, 4, 16, NULL, 'Лось1', '86de81c815ae697163458ff30f2a1e2a', 'nsd', NULL, 1),
(531, 'Ніколаєнко', 'Ольга', 'Василівна', NULL, 3, 16, NULL, 'Ніколаєнко1', '4c6ec529029a31d11ba54808473cf738', 'a9a', NULL, 1),
(534, 'Ушата', 'Тетяна', 'Олександрівна', NULL, 3, 16, NULL, 'Ушата', '2aa2b407daa5c8fee15038f802d93f8f', 'xc7', NULL, 1),
(535, 'Сахно', 'Євгеній', 'Юрійович', NULL, 5, 16, NULL, 'Сахно', 'b6128ee9559713d43fa92a3b0628c5cf', 'b*.', NULL, 1),
(536, 'Баранюк', 'Іван', 'Андрійович', NULL, 4, 16, NULL, 'Баранюк', 'fc8a62d9f7029058edc1e4d8daba482f', '59c', NULL, 1),
(537, 'Двоєглазова', 'Марина', 'Валеріївна', NULL, 4, 16, NULL, 'Двоєглазова', '8b7432bae0ffc30060de13b88d6edb01', 'm97', NULL, 1),
(538, 'Дорош', 'Марія', 'Сергіївна', NULL, 4, 16, NULL, 'Дорош', '57e2e5ef4d468107e6102309f80201ea', 'htw', NULL, 1),
(539, 'Ітченко', 'Дмитро', 'Миколайович', NULL, 2, 16, NULL, 'Ітченко', 'fddbb563f40adf21ab811fe312fc6948', 'f=v', NULL, 1),
(540, 'Шатохіна', 'Юля', 'Вікторівна', NULL, 2, 16, NULL, 'Шатохіна', '7503781a9ad406610546040e5154f678', 'c4-', NULL, 1),
(541, 'Вдовенко', 'Станіслав', 'Михайлович', NULL, 5, 16, NULL, 'Вдовенко', '203002a8f8dfe4e137fdc0ad3d764733', '=i+', NULL, 1),
(542, 'Калінько', 'Ірина', 'Василівна', NULL, 4, 16, NULL, 'Калінько', '05b95fa9420dfa7f1f6a4a9b5405edcc', 'vjk', NULL, 1),
(543, 'Карпенко', 'Наталія', 'Леонідівна', NULL, 3, 16, NULL, 'Карпенко', '0093fc869a7f3d145a6bcca84c65619a', 'u8s', NULL, 1),
(544, 'Косач', 'Ірина', 'Анатоліївна', NULL, 4, 16, NULL, 'Косач', '488c9a035d4750bb7c8304d750510b10', 'em_', NULL, 1),
(545, 'Кравченко', 'Олена', 'Миколаївна', NULL, 2, 16, NULL, 'Кравченко1', '5aaf3dbbd0c6042b2fc32f14457756f7', 'rhe', NULL, 1),
(546, 'Кременна', 'Валентина', 'Дмитрівна', NULL, 2, 16, NULL, 'Кременна', '856440c5a0fa8d2c9761fb1b382e8e66', 'g,1', NULL, 1),
(547, 'Кунденко', 'Аліна', 'Володимирівна', NULL, 4, 16, NULL, 'Кунденко', '0216bbb1dc78ce926845a5ee5087ec18', '1v,', NULL, 1),
(548, 'Ладонько', 'Людмила', 'Степанівна', NULL, 4, 16, NULL, 'Ладонько', 'b1d0788ee02986bbc3b5090795ffe3f1', 'brs', NULL, 1),
(549, 'Михайловська', 'Олена', 'Василівна', NULL, 4, 16, NULL, 'Михайловська', 'a34b6d41dff7aea3c5e968146921dad3', '0mk', NULL, 1),
(550, 'Ромашкін', 'Олександр', 'Олексійович', NULL, 4, 16, NULL, 'Ромашкін', '4bec0742bb8828652f95b90583e2e118', 'kv-', NULL, 1),
(551, 'Старченко', 'Григорій', 'Володимирович', NULL, 4, 16, NULL, 'Старченко1', '4518c2031c269e397b13f1f9c30db633', ',z_', NULL, 1),
(552, 'Старченко', 'Сергій', 'Володимирович', NULL, 3, 16, NULL, 'Старченко', '37f4f5f9959681ea99097a77c5b057b1', '6x.', NULL, 1),
(553, 'Сугоняко', 'Дмитро', 'Олександрович', NULL, 4, 16, NULL, 'Сугоняко', 'd3c5b8e76eaac5e2c241eb47ea6d19d6', '92*', NULL, 1),
(554, 'Ткаленко', 'Наталія', 'Валеріївна', NULL, 5, 16, NULL, 'Ткаленко', '47fb9f71e1a711d7c1a8b8d0bbdba38a', 'tg8', NULL, 1),
(555, 'Філіпова', 'Наталія', 'Володимирівна', NULL, 4, 16, NULL, 'Філіпова', '497f31cd7fb33367715d1207fcd82c9c', '7t+', NULL, 1),
(556, 'Юрченко', 'Юрій', 'Дмитрович', NULL, 4, 16, NULL, 'Юрченко', '886888fb554ab93b81b9273a2d528085', 'nqj', NULL, 1),
(557, 'Руденко', 'Ольга', 'Мстиславівна', NULL, 5, 16, NULL, 'Руденко3', '32ada96befe02d2adc507e24428b72f6', ',9c', NULL, 1),
(558, 'Сиза', 'Ольга', 'Іллівна', NULL, 5, 16, NULL, 'Сиза', '0049eb7f475ee039285efff0bf3afee7', 'm+8', NULL, 1),
(559, 'Авер''янов', 'Федір', 'Іванович', NULL, 3, 16, NULL, 'Авер''янов', 'bee3882b9c722f1d4ee9075f325c06fb', '*fl', NULL, 1),
(560, 'Буяльська', 'Наталія', 'Павлівна', NULL, 4, 16, NULL, 'Буяльська', '5201790bba1cdc70a1ad1c68a26311c5', 'wkg', NULL, 1),
(561, 'Гуменюк', 'Оксана', 'Леонідівна', NULL, 4, 16, NULL, 'Гуменюк', 'c89724aac4bd55ce6aa2b1166ff73447', 'kzj', NULL, 1),
(562, 'Денисова', 'Наталя', 'Миколаївна', NULL, 4, 2, NULL, 'Денисова', '0b7f3dde7331d662726400ce124d9088', '5=g', NULL, 1),
(563, 'Іваненко', 'Костянтин', 'Миколайович', NULL, 4, 16, NULL, 'Іваненко', 'ba194670c15e050d6904ef7f4cf208a7', '=8q', NULL, 1),
(564, 'Корольов', 'Олександр', 'Олександрович', NULL, 4, 16, NULL, 'Корольов', 'e38c53acbdb59def4f15977059826c4e', 's37', NULL, 1),
(565, 'Костенко', 'Ігор', 'Андрійович', NULL, 4, 16, NULL, 'Костенко', '7bf5b2c67b884c7f0deb51b55dd576f8', '4mj', NULL, 1),
(566, 'Ксенюк', 'Марія', 'Павлівна', NULL, 3, 16, NULL, 'Ксенюк', 'a123ee1251be65332cfec418e8cb41c6', '9w+', NULL, 1),
(567, 'Ребенок', 'Євген', 'Вікторович', NULL, 4, 16, NULL, 'Ребенок', '4eb18139420969c1a09f8b571dd55aef', 'uxk', NULL, 1),
(568, 'Савченко', 'Олеся', 'Миколаївна', NULL, 4, 16, NULL, 'Савченко2', '3be23d527249f103487f63a308bfa0f2', 'mku', NULL, 1),
(569, 'Цибуля', 'Сергій', 'Дмитрович', NULL, 4, 16, NULL, 'Цибуля', '4dd313ffa046384214208bdfc30d17ee', 'x6i', NULL, 1),
(570, 'Челябієва', 'Вікторія', 'Миколаївна', NULL, 4, 16, NULL, 'Челябієва', '3ca7c1c156dd6b89e49918c281fc5250', 'opm', NULL, 1),
(571, 'Бутко', 'Микола', 'Петрович', NULL, 5, 16, NULL, 'Бутко', '19bc17482a02ebb02287a5aa84fca5c1', '0xm', NULL, 1),
(572, 'Дітковська', 'Марина', 'Юріївна', NULL, 4, 16, NULL, 'Дітковська', '54308c9fcb866d86e8f11e21ac3148d7', 'ei0', NULL, 1),
(573, 'Задорожна', 'Світлана', 'Миколаївна', NULL, 4, 16, NULL, 'Задорожна', 'fd2b64b8194ac90748841f8b5095cac9', '0_v', NULL, 1),
(574, 'Іванова', 'Наталія', 'Володимирівна', NULL, 4, 16, NULL, 'Іванова3', '1d2f16dfd6647cf068e664188f5ab16d', '=e_', NULL, 1),
(575, 'Олійченко', 'Ігор', 'Михайлович', NULL, 5, 16, NULL, 'Олійченко', '3a32dcb4912b288273844223f8e8578b', 'gs+', NULL, 1),
(576, 'Оліфіренко', 'Лілія', 'Дмитрівна', NULL, 4, 16, NULL, 'Оліфіренко', '648c5e4ab8de93c99e7f7a1df47dfd51', '3-q', NULL, 1),
(577, 'Пепа', 'Тарас', 'Вадимович', NULL, 5, 16, NULL, 'Пепа', 'f53ce108a1ae0f066ba5da30785e2a58', '3.y', NULL, 1),
(578, 'Повна', 'Світлана', 'Вікторівна', NULL, 4, 16, NULL, 'Повна', 'f5af20f0d9264b5dbc42d42f7d38f5b7', 'xix', NULL, 1),
(579, 'Попело', 'Ольга', 'Володимирівна', NULL, 2, 16, NULL, 'Попело', '3a76468efa038602c1a8b3a3b57d2366', 'h,5', NULL, 1),
(580, 'Скрипка', 'Володимир', 'Несторович', NULL, 2, 16, NULL, 'Скрипка', '2613fdeead71ce895ad791697729a2bf', '--8', NULL, 1),
(581, 'Стрілець', 'Микола', 'Іванович', NULL, 4, 16, NULL, 'Стрілець', 'bc8e4992edacef07c06c664bcd0529ae', 'x0y', NULL, 1),
(582, 'Шабардіна', 'Юлія', 'Володимирівна', NULL, 4, 16, NULL, 'Шабардіна', '7648f35d834b72538e1482a7c3c8da54', '+7f', NULL, 1),
(583, 'Шевченко', 'Олег', 'Миколайович', NULL, 4, 16, NULL, 'Шевченко1', 'dd1fec89a9125c9def3c81b5931622e6', 'jvz', NULL, 1),
(584, 'Дудла', 'Іраїда', 'Олександрівна', NULL, 5, 16, NULL, 'Дудла', '18b20e6d8090000d15a0ef2a8ccb57aa', '*3-', NULL, 1),
(585, 'Ганєєва', 'Тетяна', 'Володимирівна', NULL, 1, 16, NULL, 'Ганєєва', 'e0352d15f58187b1a6d84440bffb5bd3', '-sn', NULL, 1),
(586, 'Гаценко', 'Світлана', 'Володимирівна', NULL, 3, 16, NULL, 'Гаценко', '3d2d84ab88b36f6cb5211cbda6414e84', '0_u', NULL, 1),
(587, 'Денисенко', 'Тетяна', 'Миколаївна', NULL, 4, 16, NULL, 'Денисенко', 'd241a6282a314c62e13ea3791daf8430', 'qd2', NULL, 1),
(588, 'Соболь', 'Ольга', 'Миколаївна', NULL, 1, 16, NULL, 'Соболь', 'fe315a51366df5be7bf5009cf92b5f27', 'f.j', NULL, 1),
(589, 'Соломаха', 'Ірина', 'Володимирівна', NULL, 4, 16, NULL, 'Соломаха1', '09aad7bf571accebea0304195e238d99', 'bsl', NULL, 1),
(590, 'Хребтань', 'Олена', 'Борисівна', NULL, 4, 16, NULL, 'Хребтань', 'a6ecaec12495ca89d572b0d04d0b0883', 'v3d', NULL, 1),
(591, 'Яковенко', 'Алла', 'Миколаївна', NULL, 3, 16, NULL, 'Яковенко1', 'cf7d802570598b91c4c959dddee4669d', '=-i', NULL, 1),
(592, 'Лепеха', ' Олена', 'Володимирівна', NULL, 2, 16, 1, 'Лепеха', '4db53c70c55d8df7005215659f8972ba', 'vhf', NULL, 1),
(593, 'Местхарм', 'Олена', 'Адамівна', NULL, 3, 16, 1, 'Местхарм', 'c449e39176b71082d902e667425f504b', '70v', NULL, 1),
(594, 'Светенок', 'Людмила', ' Костянтинівна', NULL, 3, 16, 1, 'Светенок', 'bed97e0325774fcc74dfc196acfc437b', '*ua', NULL, 1),
(595, 'Струтинська', 'Вікторія', 'Василівна', NULL, 2, 16, 1, 'Струтинська', 'ff49b169786438c64ec1324e96cd85c9', 'v*x', NULL, 1),
(596, 'Сіренко', 'Крістіна', 'Юріївна', NULL, 4, 4, NULL, 'Сіренко', '5c9b37fb2fd84495984e8cf19c59f64b', 'sx-', NULL, 1),
(597, 'Кульпінський', 'Сергій', 'Віталійович', NULL, 5, 5, NULL, 'Кульпінський', '1274ed445a5a11e851b4e13a4fec7e5a', '.s,', NULL, 1),
(598, 'Садчиков', 'Віктор', 'Сергійович', NULL, 1, 1, NULL, 'Садчиков', '59003d5d2af1a1ca8682c9dfbe0ee8db', 'js-', NULL, 1),
(600, 'Шпомер', 'Тетяна', 'Олександрівна', NULL, 1, 1, NULL, 'Шпомер1', 'ab740aaddb6cb7ff801b72e7925babce', 'u86', NULL, 1),
(601, 'Штирхун', 'Христина', 'Ігорівна', NULL, 1, 1, NULL, 'Штирхун', 'ff5da9a5ef75c8c94f04a7daf7d88ee5', ',72', NULL, 1),
(602, 'Котельчук', 'Андрій', 'Леонідович', NULL, NULL, NULL, NULL, 'Котельчук1', '354d60d24c13a6b4733d2668339d4a6f', 'hol', NULL, 1),
(603, 'Малишенко', 'Марина', 'Миколаївна', NULL, NULL, NULL, NULL, 'Малишенко', '28051c78b8b4308ef122829b9a59e7e5', 'wtw', NULL, 1),
(604, 'CC', 'CC', 'CC', NULL, NULL, NULL, NULL, 'CC', '202cb962ac59075b964b07152d234b70', NULL, NULL, 2),
(605, 'ww', 'ww', 'ww', NULL, NULL, NULL, NULL, 'ww', '202cb962ac59075b964b07152d234b70', NULL, NULL, 1);

-- --------------------------------------------------------

--
-- Структура таблицы `ac_staff_dep`
--

CREATE TABLE IF NOT EXISTS `ac_staff_dep` (
  `staff_id` int(11) DEFAULT NULL,
  `dep_id` tinyint(4) DEFAULT NULL,
  `sumisn` tinyint(1) DEFAULT NULL,
  KEY `FK_ac_staff_dep_ac_staff_staff_id` (`staff_id`),
  KEY `FK_ac_staff_dep` (`dep_id`)
) ENGINE=InnoDB DEFAULT CHARSET=utf8;

--
-- Дамп данных таблицы `ac_staff_dep`
--

INSERT INTO `ac_staff_dep` (`staff_id`, `dep_id`, `sumisn`) VALUES
(35, 1, NULL),
(36, 1, NULL),
(37, 1, NULL),
(38, 1, NULL),
(39, 1, NULL),
(41, 1, NULL),
(42, 1, NULL),
(43, 1, NULL),
(45, 1, NULL),
(46, 1, NULL),
(47, 1, NULL),
(48, 1, NULL),
(49, 1, NULL),
(50, 1, NULL),
(51, 1, NULL),
(52, 1, NULL),
(53, 1, NULL),
(54, 1, NULL),
(55, 1, NULL),
(56, 2, NULL),
(57, 2, NULL),
(58, 2, NULL),
(59, 2, NULL),
(60, 2, NULL),
(61, 2, NULL),
(62, 2, NULL),
(63, 2, NULL),
(64, 2, NULL),
(65, 2, NULL),
(66, 2, NULL),
(67, 2, NULL),
(68, 2, NULL),
(69, 2, NULL),
(70, 2, NULL),
(71, 2, NULL),
(72, 2, NULL),
(73, 3, NULL),
(74, 3, NULL),
(75, 3, NULL),
(76, 3, NULL),
(77, 3, NULL),
(78, 3, NULL),
(79, 3, NULL),
(80, 3, NULL),
(81, 3, NULL),
(82, 3, NULL),
(83, 3, NULL),
(84, 4, NULL),
(85, 4, NULL),
(86, 4, NULL),
(87, 4, NULL),
(88, 4, NULL),
(89, 4, NULL),
(90, 4, NULL),
(91, 4, NULL),
(92, 4, NULL),
(93, 4, NULL),
(94, 4, NULL),
(95, 5, NULL),
(97, 5, NULL),
(98, 4, NULL),
(99, 5, NULL),
(100, 5, NULL),
(102, 5, NULL),
(103, 5, NULL),
(104, 6, NULL),
(105, 6, NULL),
(106, 6, NULL),
(107, 6, NULL),
(108, 6, NULL),
(109, 6, NULL),
(110, 6, NULL),
(111, 6, NULL),
(113, 6, NULL),
(115, 6, NULL),
(116, 6, NULL),
(117, 6, NULL),
(118, 6, NULL),
(119, 6, NULL),
(120, 6, NULL),
(121, 6, NULL),
(122, 6, NULL),
(558, 7, NULL),
(559, 7, NULL),
(560, 7, NULL),
(561, 7, NULL),
(562, 7, NULL),
(563, 7, NULL),
(564, 7, NULL),
(565, 7, NULL),
(566, 7, NULL),
(567, 7, NULL),
(568, 7, NULL),
(569, 7, NULL),
(570, 7, NULL),
(571, 8, NULL),
(572, 8, NULL),
(573, 8, NULL),
(574, 8, NULL),
(575, 8, NULL),
(576, 8, NULL),
(577, 8, NULL),
(578, 8, NULL),
(579, 8, NULL),
(580, 8, NULL),
(581, 8, NULL),
(582, 8, NULL),
(583, 8, NULL),
(584, 9, NULL),
(585, 9, NULL),
(586, 9, NULL),
(587, 9, NULL),
(588, 9, NULL),
(589, 9, NULL),
(590, 9, NULL),
(591, 9, NULL),
(142, 10, NULL),
(143, 10, NULL),
(144, 10, NULL),
(145, 10, NULL),
(146, 10, NULL),
(147, 10, NULL),
(148, 10, NULL),
(149, 10, NULL),
(150, 10, NULL),
(151, 10, NULL),
(152, 10, NULL),
(154, 10, NULL),
(155, 34, NULL),
(156, 10, NULL),
(157, 10, NULL),
(158, 43, NULL),
(159, 43, NULL),
(160, 43, NULL),
(161, 43, NULL),
(162, 43, NULL),
(163, 43, NULL),
(327, 12, NULL),
(328, 12, NULL),
(329, 12, NULL),
(330, 12, NULL),
(331, 12, NULL),
(332, 12, NULL),
(333, 12, NULL),
(334, 12, NULL),
(335, 12, NULL),
(336, 12, NULL),
(337, 12, NULL),
(338, 12, NULL),
(353, 51, NULL),
(354, 51, NULL),
(355, 51, NULL),
(356, 51, NULL),
(357, 51, NULL),
(358, 51, NULL),
(359, 14, NULL),
(360, 14, NULL),
(361, 14, NULL),
(362, 14, NULL),
(363, 14, NULL),
(364, 14, NULL),
(365, 14, NULL),
(301, 14, NULL),
(367, 14, NULL),
(381, 15, NULL),
(382, 15, NULL),
(383, 15, NULL),
(384, 15, NULL),
(385, 15, NULL),
(386, 15, NULL),
(387, 15, NULL),
(388, 15, NULL),
(389, 15, NULL),
(390, 15, NULL),
(391, 15, NULL),
(392, 15, NULL),
(393, 15, NULL),
(394, 15, NULL),
(395, 15, 1),
(396, 15, NULL),
(397, 16, NULL),
(398, 16, NULL),
(399, 16, NULL),
(400, 16, NULL),
(401, 16, NULL),
(402, 16, NULL),
(403, 16, NULL),
(404, 16, NULL),
(405, 16, NULL),
(406, 17, NULL),
(407, 17, NULL),
(408, 17, NULL),
(409, 17, NULL),
(410, 17, NULL),
(411, 18, NULL),
(412, 18, 1),
(413, 18, NULL),
(414, 18, NULL),
(415, 18, NULL),
(416, 18, NULL),
(417, 18, NULL),
(418, 18, NULL),
(401, 18, 1),
(420, 18, NULL),
(421, 18, NULL),
(422, 18, NULL),
(423, 18, NULL),
(424, 18, NULL),
(425, 18, NULL),
(426, 18, NULL),
(427, 18, NULL),
(428, 18, NULL),
(429, 18, NULL),
(430, 18, NULL),
(431, 18, NULL),
(432, 18, NULL),
(433, 18, NULL),
(434, 18, NULL),
(435, 18, NULL),
(436, 18, NULL),
(437, 19, NULL),
(438, 19, NULL),
(439, 19, NULL),
(136, 19, NULL),
(441, 19, NULL),
(442, 19, NULL),
(443, 19, NULL),
(444, 19, NULL),
(445, 19, NULL),
(446, 19, NULL),
(447, 19, NULL),
(448, 19, NULL),
(153, 19, NULL),
(395, 20, NULL),
(451, 20, NULL),
(452, 20, NULL),
(453, 20, NULL),
(454, 20, NULL),
(455, 20, NULL),
(456, 20, NULL),
(457, 20, NULL),
(458, 20, NULL),
(459, 20, NULL),
(241, 21, NULL),
(242, 21, NULL),
(243, 21, NULL),
(244, 21, NULL),
(245, 21, NULL),
(246, 21, NULL),
(247, 21, NULL),
(248, 21, NULL),
(249, 21, NULL),
(250, 21, NULL),
(251, 21, NULL),
(252, 21, NULL),
(253, 22, NULL),
(254, 22, NULL),
(255, 22, NULL),
(256, 22, NULL),
(257, 22, NULL),
(258, 22, NULL),
(259, 22, NULL),
(260, 22, NULL),
(261, 22, NULL),
(262, 22, NULL),
(263, 22, NULL),
(264, 22, NULL),
(265, 23, NULL),
(266, 23, NULL),
(267, 23, NULL),
(268, 23, NULL),
(269, 23, NULL),
(270, 23, NULL),
(271, 23, NULL),
(272, 23, NULL),
(273, 23, NULL),
(274, 23, NULL),
(275, 24, NULL),
(276, 24, NULL),
(277, 24, NULL),
(278, 24, NULL),
(279, 24, NULL),
(280, 24, NULL),
(281, 24, NULL),
(282, 24, NULL),
(283, 22, NULL),
(460, 25, NULL),
(461, 25, NULL),
(462, 25, NULL),
(463, 25, NULL),
(464, 25, NULL),
(465, 25, NULL),
(466, 25, NULL),
(467, 25, NULL),
(468, 25, NULL),
(469, 25, NULL),
(470, 25, NULL),
(471, 40, NULL),
(472, 40, NULL),
(473, 40, NULL),
(474, 40, NULL),
(475, 40, NULL),
(476, 40, NULL),
(477, 40, NULL),
(478, 40, NULL),
(479, 40, NULL),
(480, 40, NULL),
(481, 40, NULL),
(482, 40, NULL),
(483, 40, NULL),
(484, 27, NULL),
(485, 27, NULL),
(486, 27, NULL),
(487, 27, NULL),
(488, 27, NULL),
(489, 28, NULL),
(490, 28, NULL),
(491, 28, NULL),
(492, 28, NULL),
(493, 28, NULL),
(494, 28, NULL),
(495, 28, NULL),
(496, 28, NULL),
(497, 28, NULL),
(498, 28, NULL),
(499, 28, NULL),
(500, 28, NULL),
(202, 29, NULL),
(203, 29, NULL),
(204, 29, NULL),
(205, 29, NULL),
(206, 29, NULL),
(207, 29, NULL),
(208, 29, NULL),
(209, 29, NULL),
(210, 29, NULL),
(211, 29, NULL),
(212, 29, NULL),
(213, 29, NULL),
(214, 30, NULL),
(215, 29, NULL),
(216, 29, NULL),
(217, 30, NULL),
(218, 30, NULL),
(219, 30, NULL),
(220, 30, NULL),
(221, 29, NULL),
(222, 30, NULL),
(223, 30, NULL),
(224, 30, NULL),
(225, 30, NULL),
(226, 4, NULL),
(227, 4, NULL),
(228, 4, NULL),
(229, 4, NULL),
(230, 4, NULL),
(231, 4, NULL),
(232, 4, NULL),
(233, 5, NULL),
(234, 5, NULL),
(235, 4, NULL),
(236, 4, NULL),
(237, 5, NULL),
(238, 4, NULL),
(239, 4, NULL),
(240, 5, NULL),
(501, 34, NULL),
(503, 34, NULL),
(504, 28, NULL),
(506, 34, NULL),
(507, 34, NULL),
(508, 34, NULL),
(509, 34, NULL),
(510, 34, NULL),
(511, 34, NULL),
(512, 34, NULL),
(513, 34, NULL),
(514, 34, NULL),
(515, 34, NULL),
(516, 34, NULL),
(517, 34, NULL),
(518, 35, NULL),
(519, 35, NULL),
(520, 35, NULL),
(521, 35, NULL),
(522, 35, NULL),
(523, 35, NULL),
(524, 35, NULL),
(525, 5, NULL),
(527, 5, NULL),
(529, 5, NULL),
(530, 5, NULL),
(531, 5, NULL),
(534, 5, NULL),
(535, 37, NULL),
(536, 37, NULL),
(537, 37, NULL),
(538, 37, NULL),
(539, 37, NULL),
(540, 37, NULL),
(1, 1, NULL),
(2, 1, NULL),
(3, 1, NULL),
(4, 1, NULL),
(6, 1, NULL),
(7, 39, NULL),
(8, 39, NULL),
(9, 39, NULL),
(10, 39, NULL),
(11, 39, NULL),
(12, 39, NULL),
(13, 39, NULL),
(14, 2, NULL),
(15, 39, NULL),
(16, 39, NULL),
(17, 39, NULL),
(18, 39, NULL),
(19, 40, NULL),
(20, 40, NULL),
(21, 40, NULL),
(22, 40, NULL),
(23, 40, NULL),
(24, 40, NULL),
(25, 41, NULL),
(26, 41, NULL),
(27, 41, NULL),
(29, 41, NULL),
(30, 54, NULL),
(31, 41, NULL),
(32, 41, NULL),
(123, 2, NULL),
(124, 2, NULL),
(125, 2, NULL),
(126, 2, NULL),
(127, 2, NULL),
(128, 2, NULL),
(129, 2, NULL),
(130, 2, NULL),
(131, 2, NULL),
(132, 2, NULL),
(133, 2, NULL),
(134, 2, NULL),
(137, 43, NULL),
(138, 43, NULL),
(139, 43, NULL),
(140, 43, NULL),
(164, 45, NULL),
(165, 45, NULL),
(166, 45, NULL),
(167, 45, NULL),
(168, 45, NULL),
(169, 45, NULL),
(170, 45, NULL),
(171, 45, NULL),
(172, 23, NULL),
(173, 45, NULL),
(174, 45, NULL),
(175, 45, NULL),
(176, 45, NULL),
(177, 45, NULL),
(178, 45, NULL),
(179, 22, NULL),
(180, 46, NULL),
(181, 46, NULL),
(182, 46, NULL),
(183, 46, NULL),
(184, 46, NULL),
(185, 46, NULL),
(186, 46, NULL),
(187, 46, NULL),
(188, 46, NULL),
(189, 46, NULL),
(190, 46, NULL),
(191, 4, NULL),
(192, 4, NULL),
(193, 4, NULL),
(194, 4, NULL),
(195, 4, NULL),
(196, 4, NULL),
(197, 4, NULL),
(198, 4, NULL),
(199, 4, NULL),
(200, 4, NULL),
(201, 4, NULL),
(285, 48, NULL),
(286, 48, NULL),
(287, 48, NULL),
(288, 48, NULL),
(289, 48, NULL),
(290, 48, NULL),
(292, 48, NULL),
(293, 49, NULL),
(294, 49, NULL),
(295, 49, NULL),
(296, 49, NULL),
(297, 49, NULL),
(298, 49, NULL),
(299, 49, NULL),
(300, 49, NULL),
(302, 49, NULL),
(303, 49, NULL),
(304, 49, NULL),
(305, 50, NULL),
(306, 50, NULL),
(307, 50, NULL),
(308, 50, NULL),
(309, 50, NULL),
(310, 50, NULL),
(311, 50, NULL),
(312, 50, NULL),
(313, 50, NULL),
(314, 50, NULL),
(315, 50, NULL),
(316, 50, NULL),
(317, 50, NULL),
(318, 50, NULL),
(319, 50, NULL),
(320, 50, NULL),
(321, 50, NULL),
(322, 50, NULL),
(323, 50, NULL),
(324, 50, NULL),
(325, 50, NULL),
(326, 50, NULL),
(339, 51, NULL),
(340, 51, NULL),
(341, 51, NULL),
(342, 51, NULL),
(343, 51, NULL),
(344, 51, NULL),
(345, 51, NULL),
(346, 51, NULL),
(347, 51, NULL),
(348, 51, NULL),
(349, 51, NULL),
(350, 51, NULL),
(351, 51, NULL),
(352, 51, NULL),
(368, 14, NULL),
(369, 14, NULL),
(370, 14, NULL),
(371, 14, NULL),
(372, 14, NULL),
(373, 14, NULL),
(374, 14, NULL),
(375, 53, NULL),
(376, 53, NULL),
(377, 53, NULL),
(378, 53, NULL),
(379, 53, NULL),
(380, 53, NULL),
(541, 54, NULL),
(542, 54, NULL),
(543, 54, NULL),
(544, 54, NULL),
(545, 54, NULL),
(546, 54, NULL),
(547, 54, NULL),
(548, 54, NULL),
(549, 54, NULL),
(550, 54, NULL),
(551, 54, NULL),
(552, 54, NULL),
(553, 54, NULL),
(554, 54, NULL),
(555, 54, NULL),
(556, 54, NULL),
(557, 54, NULL),
(592, 5, NULL),
(593, 5, NULL),
(594, 5, NULL),
(595, 5, NULL),
(596, 39, NULL),
(597, 39, NULL),
(14, 39, 1),
(598, 1, NULL),
(600, 1, NULL),
(601, 1, NULL),
(412, 43, NULL),
(602, 48, NULL),
(603, 48, NULL);

-- --------------------------------------------------------

--
-- Структура таблицы `department`
--

CREATE TABLE IF NOT EXISTS `department` (
  `dep_id` tinyint(3) NOT NULL AUTO_INCREMENT,
  `dep_name` varchar(80) NOT NULL,
  `fac_id` tinyint(3) NOT NULL,
  `dep_logo` varchar(80) DEFAULT NULL,
  `dep_head` varchar(60) DEFAULT NULL,
  `dep_page` varchar(40) DEFAULT NULL,
  PRIMARY KEY (`dep_id`),
  KEY `FK_department_faculty_fac_id` (`fac_id`)
) ENGINE=InnoDB  DEFAULT CHARSET=utf8 AVG_ROW_LENGTH=16384 AUTO_INCREMENT=55 ;

--
-- Дамп данных таблицы `department`
--

INSERT INTO `department` (`dep_id`, `dep_name`, `fac_id`, `dep_logo`, `dep_head`, `dep_page`) VALUES
(1, 'Фінансів, банківської справи та страхування', 1, NULL, 'Ільчук В.П.', NULL),
(2, 'Бухгалтерського обліку, оподаткування та аудиту', 3, NULL, 'Маргасова В.Г.', NULL),
(3, 'Теоретичної та прикладної економіки', 3, NULL, 'Дерій Ж.В.', NULL),
(4, 'Філософії та соціально-гуманітарних дисциплін', 5, NULL, 'Крук О.І.', NULL),
(5, 'Іноземних мов професійного спрямування', 1, NULL, 'Литвин С.В.', NULL),
(6, 'Фізичного виховання', 3, NULL, 'Кузьменко М.Г.', NULL),
(7, 'Харчових технологій', 12, NULL, 'Сиза О.І.', NULL),
(8, 'Менеджменту інноваційної діяльності та державного управління', 12, NULL, 'Бутко М.П.', NULL),
(9, 'Товарознавства, експертизи, митної справи та торгівлі', 12, NULL, 'Дудла І.О.', NULL),
(10, 'Вищої та прикладної математики', 3, NULL, 'Лось В.М.', NULL),
(12, 'Технології машинобудування і деревообробки', 8, NULL, 'Федориненко Д.Ю', NULL),
(14, 'Зварювального виробництва та АПБК', 8, NULL, 'Харченко Г.К.', NULL),
(15, 'Електричних систем і мереж', 9, NULL, 'Скоробогатова В.І.', NULL),
(16, 'Промислової електроніки', 9, NULL, 'Денисов Ю.О.', NULL),
(17, 'Біомедичних радіоелектронних апаратів та систем', 9, NULL, 'Велигорський О.І.', NULL),
(18, 'Інформаційних і комп''ютерних систем', 9, NULL, 'Казимир В.В.', NULL),
(19, 'Програмної інженерії', 9, NULL, 'Литвинов В.В.', NULL),
(20, 'Інформаційно-вимірювальних технологій, метрології та фізики', 9, NULL, 'Приступа А.Л.', NULL),
(21, 'Трудового права та права соціального забезпечення', 6, NULL, 'Рудик В.А.', NULL),
(22, 'Цивільного, господарського, адміністративного права та процесу', 6, NULL, 'Хименко О.А.', NULL),
(23, 'Кримінального права та правосуддя', 6, NULL, 'Головко М.Б.', NULL),
(24, 'Теорії та історії держави і права, конституційного права', 6, NULL, 'Козинець О.Г.', NULL),
(25, 'Управління персоналом та економіки праці', 11, NULL, 'Кичко І.І.', NULL),
(27, 'Математичного моделювання та інформаційної безпеки', 11, NULL, 'Ткач Ю.М.', NULL),
(28, 'Оздоровлення та реабілітації', 11, NULL, 'Осадчий О.В.', NULL),
(29, 'Соціальної роботи', 5, NULL, 'Кривоконь Н.І.', NULL),
(30, 'Соціології і психології соціального та особистісного самовизначення', 5, NULL, 'Мазур Т.В.', NULL),
(34, 'Природокористування та техногенної безпеки', 11, NULL, NULL, NULL),
(35, 'Туризму', 11, NULL, NULL, NULL),
(37, 'Управління якістю та проектами', 12, NULL, NULL, NULL),
(39, 'Фінансової діяльності суб’єктів господарювання і державних установ', 1, NULL, NULL, NULL),
(40, 'Маркетингу, PR-технологій та логістики', 11, NULL, NULL, NULL),
(41, 'Економічної теорії', 1, NULL, NULL, NULL),
(43, 'Економічної кібернетики ', 3, NULL, NULL, NULL),
(45, 'Правового регулювання економіки', 6, NULL, NULL, NULL),
(46, 'Організації соціально-психологічної допомоги населенню', 5, NULL, NULL, NULL),
(48, 'Водопостачання та водовідведення', 7, NULL, NULL, NULL),
(49, 'Промислового та цивільного будівництва', 7, NULL, NULL, NULL),
(50, 'Геодезії, картографії  та землеустрою', 7, NULL, NULL, NULL),
(51, 'Автомобільного транспорту, машинобудування та промислового дизайну', 8, NULL, 'Кальченко В.І.', NULL),
(53, 'Основ конструювання машин', 8, NULL, 'Пилипенко О. І.', NULL),
(54, 'Менеджменту', 12, NULL, NULL, NULL);

--
-- Ограничения внешнего ключа сохраненных таблиц
--

--
-- Ограничения внешнего ключа таблицы `ac_staff_dep`
--
ALTER TABLE `ac_staff_dep`
  ADD CONSTRAINT `FK_ac_staff_dep` FOREIGN KEY (`dep_id`) REFERENCES `department` (`dep_id`) ON DELETE NO ACTION ON UPDATE NO ACTION,
  ADD CONSTRAINT `FK_ac_staff_dep_ac_staff_staff_id` FOREIGN KEY (`staff_id`) REFERENCES `ac_staff` (`staff_id`) ON DELETE NO ACTION ON UPDATE NO ACTION;

/*!40101 SET CHARACTER_SET_CLIENT=@OLD_CHARACTER_SET_CLIENT */;
/*!40101 SET CHARACTER_SET_RESULTS=@OLD_CHARACTER_SET_RESULTS */;
/*!40101 SET COLLATION_CONNECTION=@OLD_COLLATION_CONNECTION */;
